DestinationID,Place_Name,News_Date,News
1,"Taj Mahal Agra, Uttar Pradesh",29-11-2018,"Document On Taj Mahal's Protection To Be Finalised Soon, Top Court Told - NDTV"
1,"Taj Mahal Agra, Uttar Pradesh",20-01-2022,"Steve McCurry | Reflection of the Taj Mahal, Agra, Uttar Pradesh, In… (1999) | For Sale - Artsy"
1,"Taj Mahal Agra, Uttar Pradesh",23-01-2025,Republic Day 2025: UNESCO World Heritage Sites for a memorable day trip - The Times of India
1,"Taj Mahal Agra, Uttar Pradesh",03-10-2017,What is the Taj Mahal – UP tourism department controversy all about? - The Indian Express
1,"Taj Mahal Agra, Uttar Pradesh",01-01-2026,Check Out The Top UNESCO Heritage Sites Best Seen In January - Outlook Traveller
1,"Taj Mahal Agra, Uttar Pradesh",19-12-2023,These are India's most loved tourist destinations - The Times of India
1,"Taj Mahal Agra, Uttar Pradesh",28-03-2026,India’s Most Visited Monuments Ranked: The Surprising Top 5 That Drew The Most Visitors - Outlook Traveller
1,"Taj Mahal Agra, Uttar Pradesh",28-03-2024,Uttar Pradesh: Fresh petition filed in court to declare Taj Mahal as Shiva temple - India TV News
1,"Taj Mahal Agra, Uttar Pradesh",21-02-2023,"Taj Mahotsav Agra 2023: Eat, Enjoy, Explore - NativePlanet"
3,"Fatehpur Sikri Agra, Uttar Pradesh",05-08-2024,Mesmerising places in India to add to your bucket list - Woman & Home
3,"Fatehpur Sikri Agra, Uttar Pradesh",27-11-2021,Photo project aims to document the Qawwali traditions as they exist today - The Indian Express
3,"Fatehpur Sikri Agra, Uttar Pradesh",27-11-2021,Archiving the lives of the faceless qawwals - The Indian Express
5,"Sarnath Varanasi, Uttar Pradesh",26-03-2023,Body of Bhojpuri model-actor Akanksha Dubey recovered from hotel room - Prothom Alo English
5,"Sarnath Varanasi, Uttar Pradesh",21-01-2024,Buddhist Circuit Tourist Train was memorable - eSamskriti
5,"Sarnath Varanasi, Uttar Pradesh",18-04-2023,"World Heritage Day 2023 by Numbers: Properties, States, Culture, Reports, Tentative List and More - Jagran Josh"
5,"Sarnath Varanasi, Uttar Pradesh",11-06-2022,Top 10 Playgroup Preschools for Children in Varanasi - Nagpur Today
6,"Ayodhya Ram Mandir Ayodhya, Uttar Pradesh",19-09-2022,"In A first, Ayodhya Resident Builds 'Yogi Mandir' for UP CM With Life-size Idol - News18"
7,"Mathura Mathura, Uttar Pradesh",30-01-2025,Indo Farm Tractor Photos | Images of Indo Farm Tractors - Tractor Junction
9,"Bara Imambara Lucknow, Uttar Pradesh",17-11-2018,India’s most amazing places: 30 photos to enchant you - CNN
11,"India Gate New Delhi, Delhi",22-05-2025,"Culture organises “Swar Dharohar Festival”- to showcase the iconic art & culture, rich literary Art & Heritage of Indian States, at Central Vista - PIB"
11,"India Gate New Delhi, Delhi",01-10-2024,6 most famous foods in Delhi (and where to eat them) - Condé Nast Traveller India
11,"India Gate New Delhi, Delhi",20-01-2025,Top events in Delhi to look forward to in January 2025 - Lifestyle Asia Hong Kong
11,"India Gate New Delhi, Delhi",24-01-2026,Republic Day In Delhi: Best Places To Visit Around Kartavya Path After The Parade - Outlook Traveller
11,"India Gate New Delhi, Delhi",25-07-2024,15 Best Places To Enjoy The Monsoon In Delhi NCR | So Delhi - So City
11,"India Gate New Delhi, Delhi",18-02-2026,Beyond Partition: 7 revelations from the Satish Gujral centenary exhibition - Time Out Worldwide
11,"India Gate New Delhi, Delhi",27-09-2019,Places in Delhi for Dandiya Nights this Navratri - The Times of India
11,"India Gate New Delhi, Delhi",13-07-2023,10 Things To Do In New Delhi: Complete Guide To India's Incredible Capital City - TheTravel
11,"India Gate New Delhi, Delhi",16-08-2023,Top 10 Must Visit Memorial Museums In India - India.Com
12,"Red Fort New Delhi, Delhi",16-12-2025,Overview of 20th Session of UNESCO Intergovernmental Committee for Safeguarding of ICH held in New Delhi - AffairsCloud.com
12,"Red Fort New Delhi, Delhi",18-08-2025,"Highlights of 79th Independence Day of India on August 15, 2025 - AffairsCloud.com"
12,"Red Fort New Delhi, Delhi",19-08-2025,GoI Launched Pradhan Mantri Viksit Bharat Rozgar Yojana Portal - AffairsCloud.com
14,"Humayun's Tomb New Delhi, Delhi",19-12-2025,Where Craft Meets Culture: Perch at Humayun's Tomb - Business Standard
14,"Humayun's Tomb New Delhi, Delhi",02-01-2020,"How To Spend Two Days in Delhi, India - Forbes"
17,"Golden Temple Amritsar, Punjab",01-11-2016,Bharatiya Janata Party - bjp.org
17,"Golden Temple Amritsar, Punjab",30-08-2022,"African man and his son tie turbans before visiting Golden Temple in Amritsar, video wins hearts - The Indian Express"
17,"Golden Temple Amritsar, Punjab",19-12-2021,"Men beaten to death in India for alleged ‘sacrilege’ to Sikh holy symbols, reports say - The Independent"
17,"Golden Temple Amritsar, Punjab",06-12-2024,"As Sukhbir Badal escapes bid on life, how renowned temples are guarded - India Today"
17,"Golden Temple Amritsar, Punjab",11-06-2025,6 famous gurudwaras to visit in India this monsoon for a soulful retreat - The Economic Times
17,"Golden Temple Amritsar, Punjab",26-06-2023,"Amritsar Weather Today Tuesday, Jun 23, 2026, Amritsar Temperature and Air Quality(AQI) - Business Today"
17,"Golden Temple Amritsar, Punjab",01-04-2026,"Watch: Bollywood Actor Priyanka Chopra Visits Golden Temple Amritsar, Seva Moment Caught In Viral Video - NDTV Profit"
17,"Golden Temple Amritsar, Punjab",07-07-2013,Bharatiya Janata Party - bjp.org
17,"Golden Temple Amritsar, Punjab",29-11-2022,"Amritsar Weather Today, Amritsar Temperature and Air Quality (2026-06-23) - India Today"
17,"Golden Temple Amritsar, Punjab",08-09-2016,New AAP convener fails to draw volunteers during Amritsar visit - The Indian Express
18,"Wagah Border Amritsar, Punjab",08-02-2025,"Pilgrims reach Ajmer with a 'Chadar' from Pakistan government: Call for India-Pakistan unity, pray and sing... - Bhaskar English"
18,"Wagah Border Amritsar, Punjab",01-10-2021,First-Ever ‘Retreat Ceremony’ To Kick Start On Indo-Pak Border - Kashmir Observer
18,"Wagah Border Amritsar, Punjab",07-01-2025,Rajasthan: 89 Pakistani Pilgrims Reach Ajmer Sharif To Offer Chadar On Behalf Of Pakistan Govt - Free Press Journal
18,"Wagah Border Amritsar, Punjab",07-01-2025,Pak Pilgrims Visit Ajmer To Present ‘Chadar’ On Behalf Of Their Govt - Ommcom News
19,"Jallianwala Bagh Amritsar, Punjab",25-03-2026,"Jallianwala Bagh Massacre Day: History, Significance, Facts (13 April 1919) - PW"
19,"Jallianwala Bagh Amritsar, Punjab",02-04-2019,Jallianwala Bagh Massacre - Britannica
19,"Jallianwala Bagh Amritsar, Punjab",13-04-2019,100 Years After The Amritsar Massacre - Contemporary Challenges And The Needed Response - Forbes
19,"Jallianwala Bagh Amritsar, Punjab",16-02-2024,Jallianwala Bagh Massacre Anniversary: Movies That Brought To Light The Dreadful Incident - Man's World India
19,"Jallianwala Bagh Amritsar, Punjab",09-05-2019,International co-curating through Skype – how Manchester Museum created its Jallianwala Bagh massacre exhibition - Museums + Heritage
19,"Jallianwala Bagh Amritsar, Punjab",12-04-2019,"Now, A Film On Jallianwala Bagh Massacre - SpotboyE"
19,"Jallianwala Bagh Amritsar, Punjab",13-04-2023,"Jallianwala Bagh Hatyakand Photo, History, Cause & Date - Adda247"
19,"Jallianwala Bagh Amritsar, Punjab",11-10-2018,"After Sukhbir Badal, Ex-DGP Sumedh Saini Also Seeks Probe of Kotkapura Firing Incident by CBI - Sikh24.com"
19,"Jallianwala Bagh Amritsar, Punjab",15-10-2015,"Rajyavardhan Singh Rathore | Biography, Olympics, Shooting, & India - Britannica"
19,"Jallianwala Bagh Amritsar, Punjab",21-02-2021,Diljit Dosanjh's 'Phillauri' & other films that recreated the Jallianwala Bagh massacre - Republic World
20,"Rock Garden Chandigarh, Chandigarh",13-12-2015,"Creator of Chandigarh’s Rock Garden, Nek Chand lives on in people’s hearts - The Indian Express"
20,"Rock Garden Chandigarh, Chandigarh",17-09-2017,"‘Nek Chand, a person of unparalleled modesty and artistic might’ - The Indian Express"
21,"Amer Fort Jaipur, Rajasthan",28-01-2024,5 standout experiences under 5 hours from Jaipur - Condé Nast Traveller India
21,"Amer Fort Jaipur, Rajasthan",18-10-2023,Check out India's most visited monuments this festive season - The Times of India
21,"Amer Fort Jaipur, Rajasthan",10-03-2025,8 famous UNESCO world heritage sites in India you must visit - The Economic Times
21,"Amer Fort Jaipur, Rajasthan",15-11-2020,First Look: The new Accidentally Wes Anderson book - Condé Nast Traveller India
21,"Amer Fort Jaipur, Rajasthan",14-11-2025,How Technology Is Quietly Reinventing the Safety of Heritage Buildings - ArchDaily
21,"Amer Fort Jaipur, Rajasthan",23-01-2025,Republic Day 2025: UNESCO World Heritage Sites for a memorable day trip - The Times of India
21,"Amer Fort Jaipur, Rajasthan",29-08-2024,Gifting the poor a paradise & libraries; US-NRI teen and CISF officer's cross-continental mission - The Times of India
21,"Amer Fort Jaipur, Rajasthan",29-11-2023,​10 Cities With Most Beautiful Historic Forts in India​ - Times Now
21,"Amer Fort Jaipur, Rajasthan",08-02-2019,Valentine’s Week: Best romantic places for couples to visit in Jaipur - The PinkCity Post
22,"Hawa Mahal Jaipur, Rajasthan",08-07-2025,Jaipur ranks first in Rajasthan's 'Give Up' national food security drive - Business Standard
22,"Hawa Mahal Jaipur, Rajasthan",15-07-2025,"Relais & Châteaux adds Jaipur's Sarvato, eyes growth in new states - Business Standard"
22,"Hawa Mahal Jaipur, Rajasthan",16-10-2024,A Homegrown Guide To Five Climate-Responsive Indian Architectural Traditions - homegrown.co.in
22,"Hawa Mahal Jaipur, Rajasthan",01-05-2024,Raj govt to hold tourism festival 'Great Indian Travel Bazaar' from May 5-7 - Business Standard
22,"Hawa Mahal Jaipur, Rajasthan",02-10-2024,"Jaipur emerges as MICE tourism hotspot, driven by JLF and Jewellery Show - Business Standard"
22,"Hawa Mahal Jaipur, Rajasthan",08-07-2025,Ambedkar wanted judiciary to be free from executive interference: CJI Gavai - Business Standard
22,"Hawa Mahal Jaipur, Rajasthan",08-07-2025,Lakshmi Puri defamation case: Delhi HC refuses to accept Gokhale's apology - Business Standard
22,"Hawa Mahal Jaipur, Rajasthan",02-10-2024,Bulldozer action in UP: FIR against 30 villagers for thrashing officials - Business Standard
22,"Hawa Mahal Jaipur, Rajasthan",08-07-2025,Karnataka HC bars police from filing chargesheet in Bengaluru stampede case - Business Standard
22,"Hawa Mahal Jaipur, Rajasthan",07-02-2024,"The Mesmerizing Beauty of Hawa Mahal, Rajasthan - MyNation"
25,"Jal Mahal Jaipur, Rajasthan",06-02-2012,Siddhartha Das Studio; Connecting Through Culture - YourStory.com
26,"Mehrangarh Fort Jodhpur, Rajasthan",13-11-2018,Jodhpur | Priyanka Chopra and Nick Jonas will wed at this grand palace - architecturaldigest.in
26,"Mehrangarh Fort Jodhpur, Rajasthan",09-03-2024,The Sacred Spirit Festival 2024: The Magic Of Music & Spirituality - Outlook Traveller
26,"Mehrangarh Fort Jodhpur, Rajasthan",04-09-2025,6 grand Indian forts built on clifftops with jaw-dropping views - The Times of India
26,"Mehrangarh Fort Jodhpur, Rajasthan",19-08-2021,Born to be wild: India’s first captive-bred endangered vultures are set free - The Guardian
26,"Mehrangarh Fort Jodhpur, Rajasthan",20-07-2019,"The Top 11 Things to Do in Bundi, Rajasthan - TripSavvy"
26,"Mehrangarh Fort Jodhpur, Rajasthan",25-10-2023,Jodhpur RIFF - A cultural folk extravaganza of Rajasthan! - Local Samosa
26,"Mehrangarh Fort Jodhpur, Rajasthan",23-02-2021,"8 Best Museums in Jaisalmer, Rajasthan - TripSavvy"
26,"Mehrangarh Fort Jodhpur, Rajasthan",07-01-2019,Zelda - The First Camera-Specific L-Bracket From 3 Legged Thing - ePHOTOzine
26,"Mehrangarh Fort Jodhpur, Rajasthan",29-11-2023,​10 Cities With Most Beautiful Historic Forts in India​ - Times Now
26,"Mehrangarh Fort Jodhpur, Rajasthan",05-10-2019,October Festivals of India -2019 - The Hans India
27,"Umaid Bhawan Palace Jodhpur, Rajasthan",11-12-2018,Umaid Bhawan Palace hotel review - CN Traveller
27,"Umaid Bhawan Palace Jodhpur, Rajasthan",16-12-2025,"Discover The Best Domestic Hotels, Voted By Readers At India's Best Awards 2025 - Travel and Leisure Asia"
27,"Umaid Bhawan Palace Jodhpur, Rajasthan",03-02-2016,Tripadvisor’s 10 best Indian hotels for 2016 - The Indian Express
27,"Umaid Bhawan Palace Jodhpur, Rajasthan",23-01-2026,6 iconic private residences in India that feel larger than life - The Times of India
27,"Umaid Bhawan Palace Jodhpur, Rajasthan",30-11-2017,India’s most luxurious hotels – where to stay in style - CNN
27,"Umaid Bhawan Palace Jodhpur, Rajasthan",01-10-2023,35 stunning venues in India to say ‘I Do’ - Condé Nast Traveller India
27,"Umaid Bhawan Palace Jodhpur, Rajasthan",06-12-2018,PeeCee is now Priyanka Chopra Jonas on Instagram - The New Indian Express
27,"Umaid Bhawan Palace Jodhpur, Rajasthan",29-01-2024,Bookmark This: Your Treasure Map To The Most Beautiful Places In India - Travel and Leisure Asia
27,"Umaid Bhawan Palace Jodhpur, Rajasthan",17-11-2025,"Priyanka Chopra Stuns at ‘Varanasi’ Launch, White Lehenga Becomes New Fashion Trend [Photos] - Asianet Newsable"
28,"Lake Pichola Udaipur, Rajasthan",12-09-2021,Complete Guide: Places to Visit in Rajasthan - Breathedreamgo
28,"Lake Pichola Udaipur, Rajasthan",08-05-2016,Jodhpur and Udaipur: Rajasthan's city jewels - SMH.com.au
28,"Lake Pichola Udaipur, Rajasthan",25-10-2012,"Diwali at Taj Lake Palace, Udaipur - Condé Nast Traveller India"
28,"Lake Pichola Udaipur, Rajasthan",04-01-2025,The Zodiac's Guide To India: Where Should You Travel In 2025? - Travel and Leisure Asia
28,"Lake Pichola Udaipur, Rajasthan",17-12-2024,10 Best Restaurants In Udaipur For A King Size Feast - Outlook Traveller
28,"Lake Pichola Udaipur, Rajasthan",30-09-2023,"Where did celebrities like Priyanka Chopra Jonas, Katrina Kaif and Kiara Advani get married? Find out below - Vogue India"
28,"Lake Pichola Udaipur, Rajasthan",22-09-2023,"Parineeti Chopra – Raghav Chadha’s Punjabi Wedding in Udaipur: Hotel Turns Golden at Night, All Lit Up For Ce - India.Com"
28,"Lake Pichola Udaipur, Rajasthan",28-08-2019,"Taj Palace, New Delhi appointed General Manager – Mr. Nayan Seth - HospiBuz"
28,"Lake Pichola Udaipur, Rajasthan",14-07-2022,10 great Rajasthan destinations that are best enjoyed in the monsoon - Condé Nast Traveller India
28,"Lake Pichola Udaipur, Rajasthan",12-08-2025,7 Palatial Hotels In India That Were Once Royal Residences - Outlook Luxe
30,"Jaisalmer Fort Jaisalmer, Rajasthan",13-09-2012,The Bright Day: My favourite film at TIFF - Breathedreamgo
31,"Sam Sand Dunes Jaisalmer, Rajasthan",15-11-2025,From Rann Utsav To Hornbill: 12 Winter Festivals In India You Must Experience At Least Once - curlytales.com
31,"Sam Sand Dunes Jaisalmer, Rajasthan",19-01-2025,Where To Travel In 2025 According To Your Chinese Zodiac Sign? - Travel and Leisure Asia
31,"Sam Sand Dunes Jaisalmer, Rajasthan",24-03-2023,How does a GPX Demon GR 165R hold up on a cross-country tour? - The Business Standard
33,"Ajmer Sharif Dargah Ajmer, Rajasthan",07-01-2022,Dipika Kakar and Shoaib Ibrahim visit Ajmer Sharif Darga; in pics - The Times of India
33,"Ajmer Sharif Dargah Ajmer, Rajasthan",27-09-2016,"From Iconic To Swachh, India’s Landmarks To Lead The Way To Swachhta - NDTV"
34,"Dal Lake Srinagar, Jammu & Kashmir",20-11-2024,6 best sunset spots in India in winters - The Economic Times
34,"Dal Lake Srinagar, Jammu & Kashmir",11-12-2021,“Colours of India” – a fine tribute from an artist’s palette - Today’s Traveller
34,"Dal Lake Srinagar, Jammu & Kashmir",10-10-2017,‘Rockstar’: The poetry that flowed on screen with its scenic locations - bollywoodbubble.com
34,"Dal Lake Srinagar, Jammu & Kashmir",26-08-2025,Khelo India Water Sports Festival 2025 Concludes Here Are Winners - Adda247
36,"Pahalgam Anantnag, Jammu & Kashmir",07-05-2025,"Operation Sindoor: India strikes 9 terror bases in Pakistan, PoK; Check how far is Muridke, Bahawalpur, Kotli - India.Com"
38,"Pangong Lake Leh, Ladakh",26-03-2025,10 Best Places To Visit In May In India For A Cool Mountain Getaway - Outlook Traveller
38,"Pangong Lake Leh, Ladakh",18-08-2025,7 famous film locations you can visit in India - India Today
38,"Pangong Lake Leh, Ladakh",13-06-2018,Pangong lake among 10 'Swachh Iconic Places' added to phase 3 of Swachh Bharat Mission - Daily Excelsior
38,"Pangong Lake Leh, Ladakh",31-07-2023,10 Best Indian Places To Visit In August - News18
38,"Pangong Lake Leh, Ladakh",14-05-2026,10 destinations in India that became viral sensations after featuring in Bollywood movies - The Times of India
38,"Pangong Lake Leh, Ladakh",24-03-2023,How does a GPX Demon GR 165R hold up on a cross-country tour? - The Business Standard
39,"Nubra Valley Leh, Ladakh",12-06-2026,13 Hotels & Resorts In India's Ladakh That Promise Refined Living In The Lap Of Nature - Travel and Leisure Asia
39,"Nubra Valley Leh, Ladakh",21-08-2024,"Nubra Valley, Leh Ladakh - Best places in India for stargazing and Astro tourism - The Economic Times"
39,"Nubra Valley Leh, Ladakh",16-12-2025,Safeguarding Ladakh: India must Champion Net-Zero future for its highest & most fragile Region - Garhwal Post
39,"Nubra Valley Leh, Ladakh",04-10-2016,"Kashmir: Protected Area Permit relaxed, foreigners allowed to visit restricted areas in Leh - The Indian Express"
39,"Nubra Valley Leh, Ladakh",10-08-2017,"Live your Interstellar dreams, go stargazing in India at these spots! - The Times of India"
39,"Nubra Valley Leh, Ladakh",18-07-2016,Nubra Organic Retreat - The Times of India
39,"Nubra Valley Leh, Ladakh",21-08-2024,Best places in India for stargazing and Astro tourism - The Economic Times
40,"Leh Palace Leh, Ladakh",23-06-2026,"Under the Leadership of Prime Minister Narendra Modi, International Day of Yoga 2026 Emerges as a Global Movement with Unprecedented Participation – Hindudayashankar - Hindudayashankar"
41,"Shimla Shimla, Himachal Pradesh",20-09-2018,MCC Construction Private Limited - The Economic Times
41,"Shimla Shimla, Himachal Pradesh",10-06-2026,"Weak mag. 2.8 earthquake - 24 km east of Kyelang, Lahul and Spiti, Himachal Pradesh, India, on Wednesday, Jun 10, 2026, at 08:04 pm (Kolkata time) - Volcano Discovery"
41,"Shimla Shimla, Himachal Pradesh",25-12-2020,"Nahan, Himachal Pradesh, India, Earthquakes: Latest Quakes - Volcano Discovery"
41,"Shimla Shimla, Himachal Pradesh",05-06-2026,"Moderate mag. 4.9 earthquake - Chamba, 40 km northeast of Dharamsala, Kangra, Himachal Pradesh, India, on Friday, Jun 5, 2026, at 10:04 pm (Kolkata time) - Volcano Discovery"
41,"Shimla Shimla, Himachal Pradesh",18-04-2025,"Anandpur Sahib, Punjab, India, Earthquakes: Latest Quakes - Volcano Discovery"
41,"Shimla Shimla, Himachal Pradesh",24-05-2025,"SAS Nagar Mohali, Punjab, India, Earthquakes: Latest Quakes - Volcano Discovery"
41,"Shimla Shimla, Himachal Pradesh",25-03-2024,"Fatehgarh Sahib, Punjab, India, Earthquakes: Latest Quakes - Volcano Discovery"
41,"Shimla Shimla, Himachal Pradesh",01-12-2025,"Gobindgarh, Punjab, India, Earthquakes: Latest Quakes - Volcano Discovery"
41,"Shimla Shimla, Himachal Pradesh",08-01-2025,"World Earthquake Report for Tuesday, 7 January 2025 - Volcano Discovery"
41,"Shimla Shimla, Himachal Pradesh",18-01-2021,"Chandigarh, Union Territory of Chandigarh, India, Earthquakes: Latest Quakes - Volcano Discovery"
42,"Kufri Shimla, Himachal Pradesh",18-12-2020,Mercury dipped the lowest in these places in India | India News - Hindustan Times
42,"Kufri Shimla, Himachal Pradesh",04-10-2019,BIGGEST APPLE CAKE - India Book of Records
42,"Kufri Shimla, Himachal Pradesh",10-10-2023,Shooter Khwaish wins gold in All-India meet - The Times of India
42,"Kufri Shimla, Himachal Pradesh",03-04-2026,Gautam Adani visits Kufri in Himachal - Prokerala
43,"Manali Kullu, Himachal Pradesh",01-03-2016,Chopsticks - The Times of India
43,"Manali Kullu, Himachal Pradesh",18-01-2013,Snow Show begins in the valleys of Himachal Pradesh - news.biharprabha.com
43,"Manali Kullu, Himachal Pradesh",28-03-2023,The Best Luxury Homestays In Manali To Book Right Now - Travel and Leisure Asia
43,"Manali Kullu, Himachal Pradesh",29-08-2025,"Leh-Atal Tunnel-Rohtang highway washed out, road link between Manali & Leh severed - MSN"
43,"Manali Kullu, Himachal Pradesh",29-11-2012,Snow Fall Season begins in Shimla and Manali - news.biharprabha.com
43,"Manali Kullu, Himachal Pradesh",27-09-2024,"Met issues 'yellow' alert in Himachal Pradesh, over 40 roads closed - newsdrum.in"
43,"Manali Kullu, Himachal Pradesh",27-04-2018,10 Mind-Blowing Things To Do in Manali - NativePlanet
44,"Solang Valley Manali, Himachal Pradesh",08-01-2025,Skiing in India: 5 best destinations for adventure lovers - The Times of India
44,"Solang Valley Manali, Himachal Pradesh",18-01-2026,Akshay Kumar & Twinkle Khanna Go Paragliding; Here's 6 Spots In India To Experience It - News18
44,"Solang Valley Manali, Himachal Pradesh",19-06-2022,YPS Patiala students complete mountaineering expedition - The Tribune
44,"Solang Valley Manali, Himachal Pradesh",11-08-2020,12 Best Ropeways In India Which You Must Take A Ride On Post-Pandemic - curlytales.com
45,"Dharamshala Kangra, Himachal Pradesh",15-06-2026,"Regional Workshop under Tele-Law Initiative of Designing Innovative Solutions for Holistic Access to Justice (DISHA) Scheme and ‘Reforms Utsav’ to be held on 15th June 2026 at Dharamshala, Kangra, Himachal Pradesh - orissadiary.com"
45,"Dharamshala Kangra, Himachal Pradesh",05-07-2023,Himachal Pradesh Cricket Association Stadium Fixtures | Upcoming Cricket Matches - Cricinfo
45,"Dharamshala Kangra, Himachal Pradesh",25-08-2023,"ICC World Cup 2023 Himachal Pradesh Cricket Association Stadium Dharamsala: Ticket, Schedule, Match Date and Time - Jagran Josh"
45,"Dharamshala Kangra, Himachal Pradesh",30-09-2023,President of India Presents National Service Scheme Awards for the Year 2021-2022 - AffairsCloud.com
45,"Dharamshala Kangra, Himachal Pradesh",15-03-2023,Reliance Jio: Jio's True 5G services now available in 365 cities - ET Telecom
45,"Dharamshala Kangra, Himachal Pradesh",24-02-2024,"Himachal Pradesh Cricket Association (HPCA) Stadium, Dharamsala details, matches, records and stats - Cricket World Cup 2023 Venues - Chase Your Sport"
45,"Dharamshala Kangra, Himachal Pradesh",15-03-2023,Reliance Jio Announces 5G in 34 Cities Across 10 States on Wednesday - TelecomTalk
45,"Dharamshala Kangra, Himachal Pradesh",15-03-2023,Jio True 5G: Jio launches 5G services in 34 more cities - The Times of India
45,"Dharamshala Kangra, Himachal Pradesh",23-07-2023,Which Is The Best Stand In Dharamshala Stadium - Times of Sports
46,"Dalhousie Chamba, Himachal Pradesh",17-12-2024,Mobile Phone Blast: 20-Year-Old Woman Dies in Himachal Pradesh After Device Explodes Near Her Ear While Charging - lokmattimes.com
47,"Rishikesh Dehradun, Uttarakhand",20-04-2023,Dr. Harish Yadav - A Multi-Talented Indian Government Official with a Flair for Creativity - Ahmedabad Mirror
48,"Haridwar Haridwar, Uttarakhand",22-11-2025,Exercise ‘Ram Prahar’ in Haridwar - Prokerala
49,"Kedarnath Temple Rudraprayag, Uttarakhand",31-10-2025,"These 7 Indian temples are over 1,000 years old — and still standing strong - The Economic Times"
49,"Kedarnath Temple Rudraprayag, Uttarakhand",02-05-2025,Uttarakhand Chief Minister Pushkar Singh Dhami at the Kedarnath Temple - Prokerala
49,"Kedarnath Temple Rudraprayag, Uttarakhand",07-12-2024,Chief Minister Yogi Adityanath inspects Shivalaya Park development - The Impressive Times
51,"Valley of Flowers Chamoli, Uttarakhand",13-01-2026,Forest fire rages in 'Valley of Flowers' for 5th day: Uttarakhand’s famed trek linked to the Ramayana’s 'Sa... - Bhaskar English
53,"Jim Corbett National Park Nainital, Uttarakhand",07-11-2016,Man vs wild: Story behind award-winning leopard image by Mumbai photographer | Hindustan Times - Hindustan Times
56,"Rajgir Nalanda, Bihar",11-04-2026,"Bihar: Nalanda Minor Dies By Suicide, Was Raped At Gunpoint 12 Hours Before - ETV Bharat"
56,"Rajgir Nalanda, Bihar",11-10-2023,"After Manipal, Nalanda University dedicates special corner in library for writings by Indian diplomats - ET Education"
56,"Rajgir Nalanda, Bihar",19-06-2024,PM Modi to inaugurate a new campus at Nalanda University in Bihar today - webindia123
56,"Rajgir Nalanda, Bihar",10-06-2025,"How Bihar is ramping up AB-PMJAY health infra to keep patients from turning to Delhi, Vellore - ThePrint"
56,"Rajgir Nalanda, Bihar",04-01-2017,"Rethink in New Delhi: Dalai Lama, Karmapa to be in the public gaze - Central Tibetan Administration"
56,"Rajgir Nalanda, Bihar",08-12-2025,Nalanda Literature Festival Partners with Nava Nalanda Mahavihara for Scholarly Programming - Passionate In Marketing
56,"Rajgir Nalanda, Bihar",25-05-2026,"NVS Contractual Recruitment 2026 Out, Check Apply Online Link Here - Adda247"
56,"Rajgir Nalanda, Bihar",19-04-2024,Mahavir Jayanti 2025: Top Jain Pilgrimage Sites In Bihar - Outlook India
56,"Rajgir Nalanda, Bihar",26-01-2017,Bihar govt approves construction of modern cricket stadium in Nalanda for Rs 633 cr - India TV News
57,"Victoria Memorial Kolkata, West Bengal",16-08-2019,"Kolkata: 1 dead, 16 injured as lightning strike hits premises of iconic Victoria Memorial - India TV News"
57,"Victoria Memorial Kolkata, West Bengal",18-04-2024,World Heritage Day 2024: 5 heritage buildings that lit up at night - India TV News
58,"Howrah Bridge Kolkata, West Bengal",24-07-2024,8 Indian bridges that exemplifying beauty and architectural mastery - The Times of India
58,"Howrah Bridge Kolkata, West Bengal",19-11-2020,Go Blue for World Children's Day - Unicef
59,"Darjeeling Darjeeling, West Bengal",02-03-2023,"Top 5 Travel Destinations To Visit In The Month Of March, Take A Look - News18"
59,"Darjeeling Darjeeling, West Bengal",19-12-2024,"Darjeeling, West Bengal Weather Update Today: Temperature, AQI, IMD Forecast For Next 7 Days - news24online.com"
60,"Tiger Hill Darjeeling, West Bengal",13-09-2025,Why 'Best Time to Visit' Is Dead—And What Travellers Should Do Instead - Outlook Traveller
60,"Tiger Hill Darjeeling, West Bengal",15-03-2019,Sunrise Tiger Hill Darjeeling - eSamskriti
60,"Tiger Hill Darjeeling, West Bengal",30-12-2025,Winter special: 5 best places to see sunsets in India - The Indian Express
60,"Tiger Hill Darjeeling, West Bengal",30-10-2025,10 stunning sunset points from different Indian states that are a must visit - The Times of India
60,"Tiger Hill Darjeeling, West Bengal",09-10-2023,Voices from the Himalayas for Reducing Plastic Pollution - ArcGIS StoryMaps
60,"Tiger Hill Darjeeling, West Bengal",09-04-2026,8 Best Family Vacation Destinations In India For April 2026 Before The Summer Crowd Hits - Outlook Traveller
62,"Konark Sun Temple Konark, Odisha",31-10-2025,"These 7 Indian temples are over 1,000 years old — and still standing strong - The Economic Times"
63,"Jagannath Temple Puri, Odisha",22-05-2026,Odisha Police boosts security for Puri Rath Yatra - Awaz The Voice
63,"Jagannath Temple Puri, Odisha",04-02-2026,President Droupadi Murmu Offers Prayers at Puri Jagannath Temple Amid Tight Security - pragativadi.com
63,"Jagannath Temple Puri, Odisha",31-10-2025,Guj man arrested for sexually harassing woman inside Puri temple - The Times of India
63,"Jagannath Temple Puri, Odisha",20-05-2026,Ferozepur Rath Yatra Suspended After Objection from Puri Jagannath Temple Authorities - pragativadi.com
63,"Jagannath Temple Puri, Odisha",11-11-2023,10 injured in stampede-like situation at Jagannath temple in Puri - India Today
63,"Jagannath Temple Puri, Odisha",25-12-2023,Odisha govt approves Special Security Battalion for Puri Jagannath temple - The Federal
63,"Jagannath Temple Puri, Odisha",06-12-2025,"Shree Jagannath Temple, Puri owns over 60,000 acres of land: Minister - The Economic Times"
63,"Jagannath Temple Puri, Odisha",26-04-2020,Rath yatra to take place inside Jagannath temple premises in view of Covid-19 lockdown - India Today
63,"Jagannath Temple Puri, Odisha",14-07-2018,"Jagannath Rath Yatra 2018: History, Significance and all you need to know - India TV News"
64,"Puri Beach Puri, Odisha",11-08-2016,IIT-Madras team to examine high tide impact on Puri sea beach - The Indian Express
64,"Puri Beach Puri, Odisha",08-11-2021,Here's Your Travel Guide To The 8 Blue Flag Beaches Of India - Travel and Leisure Asia
65,Chilika Lake Odisha,08-01-2026,"6th Chilika Bird Festival Opens, Showcasing Community Conservation And Eco-Tourism - Outlook Traveller"
65,Chilika Lake Odisha,21-10-2024,Passengers get tense moments as boat gets stranded in Chilika lake - Deccan Chronicle
65,Chilika Lake Odisha,23-06-2026,IHCL signs Tree of Life resort at Odisha's Chilika Lake - BW Hotelier
65,Chilika Lake Odisha,10-03-2026,In Images: Panchu Dola Melana festival held at Chilika Lake in Odisha - Indiablooms
65,Chilika Lake Odisha,14-11-2019,Tourists Will Soon Be Able To Stay In House Boats On Odisha’s Chilika Lake - curlytales.com
65,Chilika Lake Odisha,24-10-2022,Odisha CM Naveen Patnaik shares stunning aerial shots of Chilika Lake - The Indian Express
65,Chilika Lake Odisha,17-06-2018,Six tourists drown in Odisha's Chilika lake - The Asian Age
65,Chilika Lake Odisha,11-10-2025,Tornado Spotted Over Chilika Lake; No Damage Reported - Ommcom News
65,Chilika Lake Odisha,11-10-2025,"Rare tornado over Odisha’s Chilika Lake stuns tourists, causes momentary panic | Video - India TV News"
65,Chilika Lake Odisha,09-12-2025,12-foot python rescued after getting trapped in fishing net in Chilika - Odisha TV
65,Chilika Lake Odisha,16-12-2025,"Chilika Lake, Odisha: Asia’s Largest Brackish Water Lagoon - Maps of India"
65,Chilika Lake Odisha,03-10-2023,"Discover the Natural Beauty of Chilika Lake, Odisha This Winter - NativePlanet"
66,"Charminar Hyderabad, Telangana",18-05-2025,Death toll in Hyderabad's Gulzar House fire reaches 17 - Awaz The Voice
66,"Charminar Hyderabad, Telangana",28-09-2023,Street vendors near Charminar battle eviction - Deccan Chronicle
66,"Charminar Hyderabad, Telangana",29-05-2025,Hyderabad based rowdy sheeter arrested in Goa for killing casino security guard - Goa News Hub
66,"Charminar Hyderabad, Telangana",20-04-2026,"Temperatures hit 45°C in Chhattisgarh & Maharashtra: Ratlam, Umaria in MP among hottest; coolers installed ... - Bhaskar English"
66,"Charminar Hyderabad, Telangana",15-09-2022,‘Hyderabad Liberation Day’: BJP holds women’s bike rally - The Siasat Daily
66,"Charminar Hyderabad, Telangana",29-05-2025,25-year-old held for murdering casino security guard in Goa - The Indian Express
66,"Charminar Hyderabad, Telangana",29-07-2014,Life around Charminar during Ramzan in Hyderabad - IndianEagle
66,"Charminar Hyderabad, Telangana",11-08-2022,National flag hoisted at historic Charminar - The Hans India
67,"Golconda Fort Hyderabad, Telangana",06-03-2025,"Secure And Scenic: Top 10 Safest Cities For Women In India, Ranked! - Travel and Leisure Asia"
67,"Golconda Fort Hyderabad, Telangana",30-11-2022,Hyderabad: Golconda fort’s Sound & Light show resumed - The Siasat Daily
67,"Golconda Fort Hyderabad, Telangana",26-10-2025,These Are The Best Times To Visit Southern India - Travel and Leisure Asia
67,"Golconda Fort Hyderabad, Telangana",26-06-2025,Grand celebrations set to mark the Golconda Bonalu in Hyderabad - The Hans India
68,"Ramoji Film City Hyderabad, Telangana",17-11-2025,"Who Are The Ramoji Excellence Award Recipients: From Gutsy Human Trafficking Activist To 'Water Mother' Of India, Know The Seven Achievers - ETV Bharat"
68,"Ramoji Film City Hyderabad, Telangana",26-12-2025,"Register Now! Insolvency Law Academy is hosting 4th ILA Annual Conference from 24-26th January, 2026 - SCC Online"
68,"Ramoji Film City Hyderabad, Telangana",24-01-2026,"""Way forward is not radical reinvention but institutional course correction"": Justice N.V. Ramana speaks at Day 1 of the 4th ILA Conference - SCC Online"
68,"Ramoji Film City Hyderabad, Telangana",09-03-2025,South Actress Zaara Khan To Attend Bharat Iconic Achievers Awards 2025 As Guest Of Honor. - TRIPURA STAR NEWS
68,"Ramoji Film City Hyderabad, Telangana",12-01-2023,6 epic film locations around the world for movie buffs - Changi Airport: Now Boarding
68,"Ramoji Film City Hyderabad, Telangana",08-06-2024,"Media Baron Ramoji Rao, founder of Eenadu & Ramoji Film City, dies at 87 - India TV News"
68,"Ramoji Film City Hyderabad, Telangana",13-04-2025,Summer Vacations: 10 Theme Parks In India You Can Visit With Your Kids This Summer! - Times Now
71,"RK Beach Visakhapatnam, Andhra Pradesh",10-06-2024,Visakhapatnam Lifeguards Make Heroic Rescue at RK Beach - Deccan Chronicle
71,"RK Beach Visakhapatnam, Andhra Pradesh",13-06-2023,Yoga sessions by Eastern Naval Command - The Hans India
71,"RK Beach Visakhapatnam, Andhra Pradesh",21-06-2025,"International Yoga Day 2025: From Temples To Tech Campuses, Mumbai Unites In Celebration Of Ancient Practice - Free Press Journal"
71,"RK Beach Visakhapatnam, Andhra Pradesh",26-02-2024,Floating bridge separated for trials - The Hans India
71,"RK Beach Visakhapatnam, Andhra Pradesh",04-08-2024,Home Minister takes part in a saree walk - The Hans India
72,"Gateway of India Mumbai, Maharashtra",21-06-2024,Eight lakh NCC cadets perform yoga across the country on 10th International Day of Yoga - PIB
72,"Gateway of India Mumbai, Maharashtra",31-12-2022,"Suresh Choudhary: ‘In the end, everything turns out fine’ - The Indian Express"
72,"Gateway of India Mumbai, Maharashtra",05-07-2025,Devotees carry an idol of the Hindu elephant god Ganesh for immersion into the Arabian Sea on the last day of the Ganesh Chaturthi festival in Mumbai - ED Times
72,"Gateway of India Mumbai, Maharashtra",23-06-2026,"Under the Leadership of Prime Minister Narendra Modi, International Day of Yoga 2026 Emerges as a Global Movement with Unprecedented Participation – Hindudayashankar - Hindudayashankar"
72,"Gateway of India Mumbai, Maharashtra",18-04-2024,World Heritage Day 2024: 5 heritage buildings that lit up at night - India TV News
73,"Marine Drive Mumbai, Maharashtra",20-03-2017,Mumbai's eastern seafront to get its own Marine Drive 2 - India.Com
74,"Elephanta Caves Mumbai, Maharashtra",25-09-2025,From Ajanta to Elephanta: 5 Rock-Cut Caves That Tell India’s Story in Stone - The Better India
76,"Ajanta Caves Aurangabad, Maharashtra",05-04-2026,6 UNESCO heritage sites in India which continue to attract global attention for all the right reason - The Times of India
77,"Ellora Caves Aurangabad, Maharashtra",18-10-2023,Check out India's most visited monuments this festive season - The Times of India
77,"Ellora Caves Aurangabad, Maharashtra",20-12-2021,2021: Review of the Year - Magnum Photos
77,"Ellora Caves Aurangabad, Maharashtra",13-02-2018,Pay more to see Taj Mahal from April 1 - theweek.in
77,"Ellora Caves Aurangabad, Maharashtra",05-04-2026,6 UNESCO heritage sites in India which continue to attract global attention for all the right reason - The Times of India
77,"Ellora Caves Aurangabad, Maharashtra",22-09-2017,"Ellora Photos, Pictures of Famous Tourist Places and Attractions - NativePlanet"
79,"Lonavala Pune, Maharashtra",04-02-2016,The Lagoona Resort - The Times of India
79,"Lonavala Pune, Maharashtra",16-01-2024,Swachh Survekshan Awards 2023: Indore & Surat Adjudged as ‘Cleanest Cities’ in India - AffairsCloud.com
81,"Coorg Kodagu, Karnataka",08-08-2023,"Nestled Amidst Nature, Here Are 7 Monsoon Getaways To Enjoy The Rain-Soaked Bliss This Season - Elle India"
81,"Coorg Kodagu, Karnataka",29-07-2020,Perfect summer destinations in India - The Times of India
81,"Coorg Kodagu, Karnataka",22-12-2025,10 Indian Cities with AQI Below 50 - Jagran Josh
81,"Coorg Kodagu, Karnataka",15-10-2024,10 places in the hills to visit in November before it gets too cold - The Times of India
81,"Coorg Kodagu, Karnataka",05-10-2025,Weekly or 7 days weather forecast for coorg kodagu Karnataka - www.skymetweather.com
81,"Coorg Kodagu, Karnataka",18-08-2025,Extended or 15 days weather forecast for coorg kodagu Karnataka - www.skymetweather.com
83,"Jog Falls Shivamogga, Karnataka",21-08-2025,जोग धबधब्याचे निसर्गरम्य दृश्य सोशल मीडियावर व्हायरल कर्नाटकातील जगप्रसिद्ध जोग धबधबा पावसाळ्यामुळे दुपटीने धबधबताना दिसत आहे. प्रचंड वेगाने कोसळणारा पाण्याचा प्रवाह आणि निसर्गरम - instagram.com
84,"Bangalore Palace Bengaluru, Karnataka",06-03-2025,"Secure And Scenic: Top 10 Safest Cities For Women In India, Ranked! - Travel and Leisure Asia"
85,"Meenakshi Temple Madurai, Tamil Nadu",02-10-2016,Meenakshi Amman Temple To Be Cleaned Up As Part Of Banega Swachh India Campaign - NDTV
85,"Meenakshi Temple Madurai, Tamil Nadu",24-01-2024,Exploring some of India's best temple architecture; Ayodhya Ram Mandir included - The Times of India
85,"Meenakshi Temple Madurai, Tamil Nadu",29-08-2016,Planning to visit the Meenakshi Temple? This mobile app will act as your audio guide - India Today
85,"Meenakshi Temple Madurai, Tamil Nadu",17-10-2020,Connecting with our heritage in the kingdom of the Gods | Hindustan Times - Hindustan Times
85,"Meenakshi Temple Madurai, Tamil Nadu",24-10-2017,Microsoft Translator Adds Tamil as a Supported Language - Microsoft
85,"Meenakshi Temple Madurai, Tamil Nadu",21-10-2019,Archaeological sites: Where to see the world’s best - National Geographic
85,"Meenakshi Temple Madurai, Tamil Nadu",27-09-2016,"From Iconic To Swachh, India’s Landmarks To Lead The Way To Swachhta - NDTV"
85,"Meenakshi Temple Madurai, Tamil Nadu",31-07-2025,IN PICS: 9 Indian temples where mythological legends come alive in stone - India TV News
85,"Meenakshi Temple Madurai, Tamil Nadu",05-10-2023,Top 10 Richest Temples In India - Times Now
85,"Meenakshi Temple Madurai, Tamil Nadu",20-09-2024,7 Temples In India Where Photography Is Not Allowed - Zee News
86,"Marina Beach Chennai, Tamil Nadu",05-01-2022,Happy faces at Marina beach in Chennai as temporary pathway provides access to differently abled people - The Indian Express
86,"Marina Beach Chennai, Tamil Nadu",20-01-2017,Jallikattu protest turns tragic as 16-yr-old electrocuted in Salem - India Today
86,"Marina Beach Chennai, Tamil Nadu",07-10-2024,"All 5 people died to excessive heat, says TN Health Minister Ma Subramanian on Chennai Air show incident - The Economic Times"
86,"Marina Beach Chennai, Tamil Nadu",27-04-2022,Maximum distance covered in open sea swimming by a child - India Book of Records
86,"Marina Beach Chennai, Tamil Nadu",02-12-2024,Visuals of Flooded Roads from Saudi Arabia Shared as Being from Tamil Nadu - FACTLY
86,"Marina Beach Chennai, Tamil Nadu",13-09-2024,October-perfect beaches across India - The Times of India
86,"Marina Beach Chennai, Tamil Nadu",16-07-2025,Road Trips from Vizag: 8 Stunning Destinations to Explore Along NH16 - Yo Vizag
87,"Ooty Nilgiris, Tamil Nadu",15-12-2025,"Tamil Nadu’s hill stations saw sharp cold conditions, with night temperatures dipping below 10°C and frost reported in parts of Ooty. IMD stations recorded 5.4°C in Ooty and 0.8°C at the Government Botanical Garden, while Kodaikanal, Coonoor and Yercaud - instagram.com"
87,"Ooty Nilgiris, Tamil Nadu",02-05-2026,"Mercury stays above 44°C in Rajasthan,Maharashtra: Storms, rain kill 32 in UP, Bihar, and Karnataka - Bhaskar English"
87,"Ooty Nilgiris, Tamil Nadu",29-06-2019,10 Most Expensive Schools In India - RitiRiwaz
87,"Ooty Nilgiris, Tamil Nadu",16-12-2025,Top 7 Vacation Homes with Strong Demand in 2026: Best Investment Locations - Trade Brains
91,"Munnar Idukki, Kerala",29-07-2018,Best places to visit in Munnar to witness blooming Neelakurinji | Travel - Hindustan Times
94,"Fort Kochi Kochi, Kerala",25-01-2025,Best Hotels In Kochi For A Perfect Getaway - Outlook Traveller
94,"Fort Kochi Kochi, Kerala",29-09-2019,10 restaurants and cafes in Kochi to eat at when you're in the city - Vogue India
94,"Fort Kochi Kochi, Kerala",18-04-2023,"For The Culture Traveller, Witness The Marvel Of Kerala’s Art Forms In Fort Kochi - curlytales.com"
94,"Fort Kochi Kochi, Kerala",04-02-2024,Top MICE destinations in India for your next work meeting or conference - Moneycontrol.com
94,"Fort Kochi Kochi, Kerala",30-08-2017,FIFA U-17 World Cup: The complete list of training grounds in every venue - Goal.com
94,"Fort Kochi Kochi, Kerala",09-10-2025,Kerala's 12 Best Luxury Hotels And Resorts To Book For Your Next India Trip - Travel and Leisure Asia
94,"Fort Kochi Kochi, Kerala",25-01-2025,5 Places To Visit In Kochi For The Best Seafood - Outlook Traveller
94,"Fort Kochi Kochi, Kerala",11-02-2022,Feast Your Eyes On Stunning Displays At These 8 Unique Art Cafes In India - Travel and Leisure Asia
95,"Baga Beach North Goa, Goa",02-09-2013,Dust-kicking Gateaway - CarDekho
97,Dudhsagar Falls Goa,21-07-2022,Watch: Goa's Dudhsagar Falls Captured In All Its Monsoon Glory - NDTV
97,Dudhsagar Falls Goa,11-04-2025,"6 stunning waterfalls to visit in India this summer - Dudhsagar Falls, Goa - The Economic Times"
97,Dudhsagar Falls Goa,28-07-2021,Watch: Incredible Sight Of Train Passing Through Goa Waterfall In Heavy Rain - NDTV
97,Dudhsagar Falls Goa,22-07-2022,WATCH: Mesmerising Views of Train Passing Through Goa's Dudhsagar Falls Goes Viral - News18
97,Dudhsagar Falls Goa,26-06-2025,7 Waterfalls in India That Reach Full Glory Only After Heavy Rains - The Economic Times
97,Dudhsagar Falls Goa,24-06-2016,Goa's Dudhsagar Falls might soon get better rail connectivity - India Today
97,Dudhsagar Falls Goa,14-07-2022,"""Heaven Meets Earth"": Minister Shares Stunning Video Of Dudhsagar Waterfalls - NDTV"
97,Dudhsagar Falls Goa,19-12-2025,"This quiet place near Dudhsagar Falls feels frozen in time, and most tourists miss it - India TV News"
97,Dudhsagar Falls Goa,20-07-2025,Top 4 Hidden Gems In Goa You Must Visit In 2025 - Herzindagi
99,"Statue of Unity Kevadia, Gujarat",17-09-2023,"Fortune Hotels inks a new alliance at Statue of Unity, Kevadia, Gujarat - ET Hospitality"
99,"Statue of Unity Kevadia, Gujarat",31-10-2025,National Unity Day (Rashtriya Ekta Diwas) 2025 – October 31 - AffairsCloud.com
99,"Statue of Unity Kevadia, Gujarat",10-07-2025,Pondicherry University Vice Chancellor participates in the two-days Vice Chancellors’ Conference of Central Universities at Gujarat from 10-11th July 2025 - PIB
99,"Statue of Unity Kevadia, Gujarat",29-10-2019,Aarambh: First ever foundation civil service course - GK Today
99,"Statue of Unity Kevadia, Gujarat",18-03-2021,IndiaTourism Mumbai to launch series of travel event to celebrate India@75 - safariplus.co.in
99,"Statue of Unity Kevadia, Gujarat",30-08-2021,State selected for implementing three WCD umbrella schemes – 30 August 2021 - heraldgoa.in
99,"Statue of Unity Kevadia, Gujarat",26-08-2021,Milind Soman on running more than 400 kms in a week: ‘I don’t train for it’ | Health - Hindustan Times
99,"Statue of Unity Kevadia, Gujarat",25-08-2021,"Milind runs 400 km in 7 days; reveals, 'around 170km, I developed acute bronchitis, fever went up to 104' - zoomtventertainment.com"
100,"Somnath Temple Somnath, Gujarat",30-11-2017,"Rahul Gandhi a non-Hindu? Somnath Temple secretary tells Firstpost Congress VP signed Visitor's Book, nothing else - Firstpost"
101,"Dwarkadhish Temple Dwarka, Gujarat",27-12-2024,10 oldest temples in India to visit for New Year’s blessings - The Times of India
101,"Dwarkadhish Temple Dwarka, Gujarat",06-09-2023,Krishna Janmashtami: Top 15 Most Popular Lord Krishna Temples in India - India.Com
101,"Dwarkadhish Temple Dwarka, Gujarat",18-10-2025,Temple trails: 6 best places to witness Diwali lights this year - The Times of India
101,"Dwarkadhish Temple Dwarka, Gujarat",06-08-2025,Janmashtami 2025: 8 sacred lord Krishna temples to visit across India - DNA India
101,"Dwarkadhish Temple Dwarka, Gujarat",24-08-2024,Janmashtami 2024: 8 Famous Krishna Temples In India - Times Now
101,"Dwarkadhish Temple Dwarka, Gujarat",13-08-2025,Celebrate Lord Krishna’s Birthday: 5 Temples Where Janmashtami Comes Alive - NewsX
101,"Dwarkadhish Temple Dwarka, Gujarat",10-11-2023,10 Famous Krishna Temples Across India - Zee News
102,"Rann of Kutch Kutch, Gujarat",12-12-2019,"Express Wanderlust: This December, an expanse of white desert awaits you - The Indian Express"
102,"Rann of Kutch Kutch, Gujarat",05-09-2020,Climate change likely led to fall of Indus Valley Civilisation: Study - The Indian Express