HistoryID,UserID,DestinationID,VisitDate
1,611,78,2020-10-04
2,217,98,2021-11-22
3,976,82,2022-10-04
4,529,63,2023-09-07
5,369,99,2024-10-26
6,778,42,2025-03-03
7,88,13,2020-10-20
8,554,15,2021-10-16
9,481,92,2022-09-25
10,492,59,2023-03-19
11,774,68,2024-10-09
12,582,80,2025-10-06
13,834,48,2020-09-18
14,459,44,2021-03-06
15,463,84,2022-10-22
16,281,2,2023-11-08
17,888,92,2024-09-08
18,783,37,2025-04-20
19,475,73,2020-10-16
20,587,103,2021-12-30
21,394,73,2022-10-30
22,122,103,2023-12-02
23,306,5,2024-10-03
24,774,72,2025-10-24
25,92,73,2020-10-22
26,566,49,2021-05-04
27,802,12,2022-10-01
28,600,25,2023-10-01
29,449,24,2024-10-22
30,346,53,2025-11-03
31,762,41,2020-03-27
32,37,100,2021-10-24
33,761,28,2022-10-02
34,766,26,2023-10-15
35,32,17,2024-10-28
36,499,7,2025-10-14
37,31,77,2020-10-10
38,8,77,2021-10-29
39,103,94,2022-09-23
40,629,34,2023-04-17
41,109,68,2024-10-22
42,617,101,2025-10-27
43,638,52,2020-03-22
44,368,95,2021-11-23
45,510,18,2022-10-28
46,71,51,2023-07-11
47,45,18,2024-10-15
48,521,17,2025-10-29
49,153,25,2020-10-12
50,293,38,2021-05-21
51,463,53,2022-11-24
52,41,83,2023-08-09
53,46,7,2024-10-05
54,874,14,2025-10-04
55,84,15,2020-10-03
56,971,7,2021-10-07
57,608,61,2022-09-21
58,577,84,2023-10-04
59,693,26,2024-10-11
60,389,7,2025-10-22
61,852,14,2020-10-18
62,822,6,2021-10-13
63,766,103,2022-12-13
64,675,73,2023-10-10
65,151,57,2024-10-02
66,103,58,2025-10-05
67,212,43,2020-03-01
68,177,53,2021-11-12
69,693,69,2022-09-29
70,602,61,2023-09-18
71,73,98,2024-11-29
72,608,101,2025-10-13
73,18,95,2020-11-26
74,907,56,2021-10-18
75,128,20,2022-09-05
76,580,18,2023-10-04
77,172,22,2024-10-23
78,343,88,2025-10-21
79,339,70,2020-09-09
80,288,53,2021-11-02
81,216,54,2022-10-08
82,352,54,2023-10-28
83,512,12,2024-10-15
84,678,32,2025-10-28
85,709,65,2020-11-03
86,351,78,2021-10-24
87,399,98,2022-11-04
88,411,76,2023-10-09
89,800,84,2024-10-27
90,644,75,2025-09-11
91,668,25,2020-10-15
92,533,62,2021-09-08
93,314,36,2022-04-27
94,317,2,2023-11-09
95,862,47,2024-09-07
96,66,90,2025-09-07
97,970,3,2020-11-10
98,515,14,2021-10-01
99,467,23,2022-10-24
100,652,55,2023-10-21
101,506,76,2024-10-26
102,140,100,2025-10-11
103,710,8,2020-10-11
104,977,89,2021-11-07
105,977,69,2022-09-08
106,794,9,2023-10-20
107,558,7,2024-10-19
108,948,46,2025-03-13
109,13,60,2020-03-16
110,763,37,2021-04-05
111,635,102,2022-11-08
112,506,91,2023-09-19
113,72,93,2024-09-23
114,913,98,2025-11-21
115,507,81,2020-10-17
116,507,75,2021-09-22
117,89,17,2022-10-18
118,666,66,2023-10-19
119,797,35,2024-04-06
120,335,1,2025-11-13
121,978,4,2020-10-18
122,609,97,2021-10-25
123,154,13,2022-10-01
124,752,15,2023-10-11
125,592,65,2024-11-18
126,904,39,2025-05-10
127,926,47,2020-09-21
128,69,24,2021-10-20
129,660,19,2022-10-30
130,344,34,2023-04-24
131,751,4,2024-10-11
132,842,41,2025-03-20
133,163,47,2020-09-25
134,852,74,2021-11-18
135,940,82,2022-10-06
136,203,83,2023-08-20
137,319,82,2024-10-13
138,209,68,2025-10-11
139,673,72,2020-10-17
140,379,18,2021-10-18
141,122,18,2022-10-22
142,27,101,2023-10-08
143,518,10,2024-10-07
144,149,77,2025-10-13
145,904,74,2020-11-15
146,334,77,2021-10-01
147,758,23,2022-10-29
148,756,44,2023-03-06
149,959,77,2024-10-09
150,647,9,2025-10-06
151,281,42,2020-03-01
152,304,85,2021-10-23
153,616,86,2022-11-30
154,76,47,2023-09-02
155,577,27,2024-10-12
156,738,66,2025-10-04
157,525,35,2020-04-09
158,830,10,2021-10-18
159,528,99,2022-10-12
160,347,42,2023-03-20
161,110,62,2024-09-03
162,497,71,2025-10-24
163,177,22,2020-10-09
164,92,31,2021-10-05
165,265,22,2022-10-13
166,550,18,2023-10-07
167,701,17,2024-10-01
168,226,11,2025-10-20
169,437,92,2020-09-11
170,911,103,2021-12-07
171,109,84,2022-10-19
172,358,90,2023-09-02
173,154,102,2024-11-05
174,769,88,2025-10-06
175,984,6,2020-10-03
176,550,1,2021-11-01
177,920,6,2022-10-05
178,514,75,2023-09-07
179,783,21,2024-10-23
180,99,89,2025-11-25
181,152,74,2020-11-18
182,384,28,2021-10-24
183,739,2,2022-11-16
184,334,82,2023-10-28
185,476,5,2024-10-16
186,359,63,2025-09-05
187,462,75,2020-09-25
188,193,93,2021-09-20
189,315,24,2022-10-15
190,874,83,2023-08-30
191,684,66,2024-10-28
192,303,33,2025-10-20
193,106,10,2020-10-23
194,219,28,2021-10-23
195,421,21,2022-10-28
196,23,101,2023-10-25
197,925,89,2024-11-14
198,802,25,2025-10-25
199,7,6,2020-10-20
200,229,30,2021-10-19
201,562,25,2022-10-30
202,79,13,2023-10-11
203,110,35,2024-04-01
204,621,3,2025-11-10
205,249,61,2020-09-04
206,566,61,2021-09-18
207,816,3,2022-11-18
208,981,103,2023-12-10
209,416,63,2024-09-23
210,299,40,2025-05-21
211,331,55,2020-10-08
212,127,74,2021-11-08
213,775,99,2022-10-12
214,33,90,2023-09-21
215,639,64,2024-09-25
216,270,57,2025-10-06
217,6,48,2020-09-08
218,701,37,2021-04-07
219,765,15,2022-10-26
220,112,12,2023-10-28
221,78,56,2024-10-01
222,961,75,2025-09-22
223,851,46,2020-03-23
224,275,83,2021-08-04
225,35,25,2022-10-24
226,114,31,2023-10-21
227,375,16,2024-10-18
228,630,45,2025-03-13
229,627,67,2020-10-05
230,362,62,2021-09-21
231,257,56,2022-10-28
232,631,101,2023-10-11
233,769,9,2024-10-20
234,133,30,2025-10-23
235,495,80,2020-10-28
236,62,19,2021-10-02
237,198,72,2022-10-05
238,162,86,2023-11-03
239,206,49,2024-05-11
240,460,78,2025-10-15
241,105,76,2020-10-08
242,122,8,2021-10-27
243,660,14,2022-10-23
244,78,37,2023-04-25
245,710,35,2024-04-13
246,860,97,2025-10-14
247,954,34,2020-04-02
248,421,32,2021-10-27
249,973,72,2022-10-14
250,727,80,2023-10-01
251,472,56,2024-10-20
252,322,57,2025-10-25
253,637,26,2020-10-24
254,32,92,2021-09-10
255,174,53,2022-11-07
256,979,51,2023-07-12
257,834,3,2024-11-10
258,419,93,2025-09-03
259,50,71,2020-10-10
260,633,6,2021-10-19
261,327,28,2022-10-11
262,841,22,2023-10-14
263,797,62,2024-09-29
264,348,18,2025-10-21
265,238,20,2020-09-28
266,826,9,2021-10-09
267,875,80,2022-10-04
268,887,34,2023-04-10
269,864,19,2024-10-24
270,966,9,2025-10-12
271,625,77,2020-10-02
272,820,57,2021-10-27
273,696,83,2022-08-17
274,898,53,2023-11-20
275,73,56,2024-10-04
276,801,49,2025-05-14
277,330,49,2020-05-13
278,557,2,2021-11-12
279,354,26,2022-10-27
280,437,72,2023-10-23
281,352,35,2024-04-23
282,152,88,2025-10-21
283,434,68,2020-10-06
284,270,56,2021-10-22
285,564,69,2022-09-21
286,148,57,2023-10-24
287,979,31,2024-10-29
288,199,97,2025-10-27
289,192,88,2020-10-30
290,517,30,2021-10-11
291,729,92,2022-09-26
292,73,85,2023-10-26
293,811,27,2024-10-06
294,642,5,2025-10-18
295,728,8,2020-10-15
296,296,69,2021-09-05
297,772,58,2022-10-21
298,575,93,2023-09-14
299,116,1,2024-11-02
300,40,49,2025-05-03
301,853,25,2020-10-21
302,789,78,2021-10-17
303,946,80,2022-10-01
304,34,61,2023-09-10
305,717,81,2024-10-16
306,176,49,2025-05-26
307,686,54,2020-10-26
308,991,1,2021-11-23
309,488,73,2022-10-05
310,781,55,2023-10-13
311,632,3,2024-11-28
312,438,86,2025-11-02
313,462,33,2020-10-07
314,737,54,2021-10-28
315,460,42,2022-03-29
316,54,76,2023-10-26
317,475,21,2024-10-01
318,866,87,2025-10-28
319,531,99,2020-10-17
320,731,6,2021-10-15
321,992,70,2022-09-30
322,715,6,2023-10-13
323,373,68,2024-10-19
324,160,97,2025-10-20
325,308,62,2020-09-20
326,130,12,2021-10-17
327,962,90,2022-09-23
328,146,75,2023-09-29
329,555,52,2024-03-16
330,42,56,2025-10-23
331,56,30,2020-10-02
332,847,53,2021-11-28
333,429,79,2022-10-30
334,835,49,2023-05-18
335,818,8,2024-10-24
336,769,13,2025-10-21
337,588,4,2020-10-12
338,524,81,2021-10-02
339,465,99,2022-10-14
340,653,36,2023-04-05
341,748,39,2024-05-27
342,961,39,2025-05-09
343,401,67,2020-10-19
344,396,66,2021-10-17
345,356,63,2022-09-23
346,503,96,2023-11-11
347,659,55,2024-10-19
348,712,58,2025-10-12
349,575,45,2020-03-23
350,845,78,2021-10-30
351,19,101,2022-10-13
352,576,72,2023-10-08
353,24,59,2024-03-24
354,260,83,2025-08-23
355,269,19,2020-10-08
356,376,57,2021-10-26
357,337,60,2022-03-30
358,61,71,2023-10-27
359,538,37,2024-04-06
360,328,8,2025-10-07
361,168,90,2020-09-06
362,966,14,2021-10-06
363,469,87,2022-10-21
364,942,36,2023-04-03
365,684,11,2024-10-29
366,935,65,2025-11-01
367,287,5,2020-10-10
368,218,61,2021-09-19
369,950,47,2022-09-15
370,184,51,2023-07-18
371,497,7,2024-10-27
372,829,71,2025-10-20
373,864,28,2020-10-02
374,351,85,2021-10-23
375,14,57,2022-10-07
376,765,45,2023-03-26
377,457,11,2024-10-28
378,184,100,2025-10-08
379,28,70,2020-09-14
380,760,99,2021-10-16
381,451,44,2022-03-10
382,715,33,2023-10-20
383,809,3,2024-11-26
384,381,59,2025-03-06
385,922,34,2020-04-23
386,609,94,2021-09-15
387,938,83,2022-08-06
388,817,88,2023-10-16
389,818,96,2024-11-16
390,259,84,2025-10-22
391,176,11,2020-10-22
392,289,9,2021-10-13
393,847,62,2022-09-16
394,254,29,2023-10-26
395,286,1,2024-11-18
396,419,22,2025-10-23
397,960,94,2020-09-23
398,43,24,2021-10-04
399,664,47,2022-09-04
400,157,27,2023-10-20
401,238,79,2024-10-29
402,961,39,2025-05-30
403,525,80,2020-10-09
404,572,78,2021-10-17
405,514,40,2022-05-05
406,326,64,2023-09-05
407,760,94,2024-09-06
408,361,77,2025-10-29
409,447,73,2020-10-25
410,934,7,2021-10-04
411,295,57,2022-10-05
412,975,40,2023-05-22
413,115,26,2024-10-20
414,186,102,2025-11-01
415,943,13,2020-10-11
416,130,40,2021-05-18
417,376,51,2022-07-05
418,954,74,2023-11-25
419,290,98,2024-11-18
420,801,33,2025-10-22
421,433,17,2020-10-20
422,543,4,2021-10-11
423,90,82,2022-10-06
424,994,23,2023-10-04
425,5,48,2024-09-11
426,302,49,2025-05-01
427,56,101,2020-10-11
428,246,32,2021-10-14
429,514,38,2022-05-19
430,969,92,2023-09-01
431,653,16,2024-10-22
432,265,90,2025-09-13
433,503,12,2020-10-02
434,375,66,2021-10-09
435,722,40,2022-05-04
436,171,72,2023-10-17
437,278,93,2024-09-26
438,940,39,2025-05-12
439,294,25,2020-10-22
440,486,41,2021-03-07
441,404,85,2022-10-09
442,292,20,2023-09-02
443,8,42,2024-03-02
444,431,1,2025-11-16
445,298,81,2020-10-12
446,417,42,2021-03-06
447,879,1,2022-11-14
448,91,22,2023-10-10
449,573,55,2024-10-16
450,988,81,2025-10-20
451,18,53,2020-11-15
452,706,32,2021-10-25
453,221,20,2022-09-09
454,902,45,2023-03-14
455,46,46,2024-03-02
456,685,75,2025-09-29
457,981,10,2020-10-04
458,587,76,2021-10-14
459,661,102,2022-11-25
460,925,68,2023-10-26
461,439,62,2024-09-05
462,375,22,2025-10-10
463,722,16,2020-10-15
464,694,76,2021-10-05
465,496,93,2022-09-14
466,49,90,2023-09-03
467,720,51,2024-07-11
468,621,28,2025-10-01
469,872,45,2020-03-17
470,728,19,2021-10-25
471,321,16,2022-10-15
472,320,84,2023-10-12
473,188,94,2024-09-09
474,382,16,2025-10-02
475,877,81,2020-10-08
476,788,22,2021-10-10
477,997,84,2022-10-08
478,629,26,2023-10-22
479,498,77,2024-10-11
480,5,16,2025-10-17
481,902,32,2020-10-03
482,928,56,2021-10-22
483,261,35,2022-04-06
484,76,85,2023-10-25
485,446,21,2024-10-05
486,926,85,2025-10-01
487,672,84,2020-10-09
488,879,63,2021-09-25
489,68,31,2022-10-04
490,498,56,2023-10-22
491,290,65,2024-11-13
492,407,21,2025-10-25
493,831,35,2020-04-30
494,7,31,2021-10-25
495,720,86,2022-11-16
496,885,100,2023-10-18
497,982,90,2024-09-26
498,360,30,2025-10-12
499,889,15,2020-10-30
500,351,24,2021-10-16
501,634,55,2022-10-27
502,751,50,2023-05-22
503,531,50,2024-05-23
504,537,65,2025-11-27
505,82,46,2020-03-23
506,376,11,2021-10-15
507,369,47,2022-09-15
508,825,33,2023-10-14
509,267,28,2024-10-28
510,969,53,2025-11-18
511,340,67,2020-10-05
512,527,21,2021-10-16
513,905,78,2022-10-16
514,785,10,2023-10-14
515,504,2,2024-11-28
516,964,59,2025-03-05
517,695,80,2020-10-25
518,476,30,2021-10-28
519,20,12,2022-10-16
520,632,84,2023-10-12
521,760,52,2024-03-16
522,416,98,2025-11-02
523,641,45,2020-03-29
524,248,14,2021-10-20
525,215,90,2022-09-17
526,191,60,2023-03-16
527,757,45,2024-03-02
528,634,102,2025-11-27
529,326,45,2020-03-28
530,332,17,2021-10-02
531,867,25,2022-10-28
532,195,5,2023-10-24
533,243,40,2024-05-25
534,904,18,2025-10-23
535,787,59,2020-03-21
536,197,48,2021-09-16
537,679,4,2022-10-12
538,199,38,2023-05-05
539,539,70,2024-09-21
540,229,60,2025-03-22
541,261,86,2020-11-30
542,624,86,2021-11-13
543,109,37,2022-04-07
544,923,42,2023-03-27
545,473,94,2024-09-30
546,883,34,2025-04-20
547,730,98,2020-11-20
548,541,24,2021-10-16
549,242,24,2022-10-18
550,618,94,2023-09-20
551,368,100,2024-10-17
552,38,71,2025-10-24
553,280,60,2020-03-13
554,51,1,2021-11-09
555,403,77,2022-10-18
556,24,59,2023-03-13
557,201,22,2024-10-10
558,565,90,2025-09-28
559,318,90,2020-09-23
560,410,29,2021-10-01
561,311,27,2022-10-12
562,782,60,2023-03-05
563,335,22,2024-10-27
564,612,79,2025-10-19
565,713,87,2020-10-18
566,466,1,2021-11-29
567,553,88,2022-10-28
568,867,4,2023-10-08
569,17,84,2024-10-28
570,490,42,2025-03-07
571,129,68,2020-10-08
572,628,42,2021-03-25
573,532,72,2022-10-01
574,187,27,2023-10-23
575,418,28,2024-10-26
576,9,22,2025-10-01
577,299,4,2020-10-12
578,632,27,2021-10-02
579,826,60,2022-03-13
580,931,2,2023-11-06
581,647,25,2024-10-26
582,793,80,2025-10-07
583,289,60,2020-03-01
584,983,68,2021-10-17
585,331,87,2022-10-03
586,22,44,2023-03-02
587,956,83,2024-08-01
588,987,35,2025-04-30
589,414,53,2020-11-29
590,78,70,2021-09-17
591,642,69,2022-09-19
592,922,48,2023-09-04
593,215,9,2024-10-13
594,719,39,2025-05-02
595,47,97,2020-10-21
596,171,22,2021-10-08
597,618,66,2022-10-09
598,900,23,2023-10-21
599,586,67,2024-10-08
600,6,52,2025-03-09
601,967,10,2020-10-17
602,807,13,2021-10-24
603,905,28,2022-10-09
604,881,87,2023-10-12
605,571,67,2024-10-08
606,265,17,2025-10-22
607,786,14,2020-10-28
608,343,18,2021-10-20
609,578,14,2022-10-27
610,546,62,2023-09-07
611,233,100,2024-10-17
612,319,51,2025-07-10
613,617,74,2020-11-18
614,251,22,2021-10-12
615,955,18,2022-10-08
616,156,21,2023-10-28
617,115,34,2024-04-18
618,691,48,2025-09-14
619,351,12,2020-10-29
620,985,12,2021-10-25
621,661,78,2022-10-03
622,218,80,2023-10-20
623,339,28,2024-10-26
624,940,47,2025-09-17
625,138,86,2020-11-12
626,981,37,2021-04-07
627,106,89,2022-11-27
628,261,44,2023-03-01
629,575,91,2024-09-16
630,908,38,2025-05-28
631,863,28,2020-10-26
632,591,100,2021-10-13
633,878,28,2022-10-22
634,90,44,2023-03-06
635,251,4,2024-10-08
636,611,30,2025-10-02
637,601,36,2020-04-06
638,352,42,2021-03-29
639,883,98,2022-11-10
640,669,79,2023-10-25
641,957,65,2024-11-18
642,517,63,2025-09-27
643,851,61,2020-09-14
644,296,58,2021-10-22
645,112,95,2022-11-06
646,720,30,2023-10-05
647,699,71,2024-10-16
648,295,7,2025-10-07
649,592,33,2020-10-18
650,248,8,2021-10-15
651,513,1,2022-11-23
652,616,82,2023-10-08
653,346,70,2024-09-05
654,511,101,2025-10-09
655,265,53,2020-11-09
656,357,9,2021-10-19
657,573,98,2022-11-15
658,142,79,2023-10-16
659,498,48,2024-09-13
660,73,30,2025-10-29
661,975,83,2020-08-08
662,730,48,2021-09-30
663,772,30,2022-10-15
664,4,41,2023-03-23
665,454,98,2024-11-27
666,359,97,2025-10-07
667,7,33,2020-10-22
668,992,52,2021-03-25
669,625,93,2022-09-19
670,940,81,2023-10-24
671,32,9,2024-10-03
672,610,58,2025-10-02
673,736,35,2020-04-22
674,331,21,2021-10-03
675,194,33,2022-10-12
676,458,84,2023-10-23
677,700,83,2024-08-14
678,339,58,2025-10-09
679,821,78,2020-10-15
680,701,69,2021-09-19
681,997,11,2022-10-15
682,41,36,2023-04-10
683,718,54,2024-10-17
684,637,6,2025-10-03
685,141,98,2020-11-11
686,254,25,2021-10-17
687,642,40,2022-05-18
688,509,82,2023-10-03
689,238,95,2024-11-03
690,644,1,2025-11-30
691,866,90,2020-09-22
692,822,48,2021-09-01
693,965,77,2022-10-29
694,696,39,2023-05-10
695,544,17,2024-10-03
696,151,63,2025-09-10
697,896,36,2020-04-25
698,684,10,2021-10-29
699,559,88,2022-10-19
700,786,87,2023-10-20
701,715,66,2024-10-26
702,880,76,2025-10-16
703,947,69,2020-09-04
704,609,64,2021-09-23
705,315,71,2022-10-21
706,441,28,2023-10-04
707,790,80,2024-10-20
708,258,5,2025-10-17
709,165,66,2020-10-29
710,832,11,2021-10-18
711,652,87,2022-10-24
712,987,85,2023-10-06
713,599,103,2024-12-17
714,160,11,2025-10-11
715,303,53,2020-11-09
716,634,28,2021-10-08
717,904,59,2022-03-05
718,506,97,2023-10-05
719,434,7,2024-10-10
720,743,67,2025-10-19
721,143,20,2020-09-04
722,206,63,2021-09-11
723,539,84,2022-10-26
724,222,60,2023-03-12
725,679,39,2024-05-05
726,31,41,2025-03-13
727,936,103,2020-12-17
728,852,67,2021-10-11
729,295,99,2022-10-04
730,387,37,2023-04-08
731,184,45,2024-03-10
732,626,71,2025-10-13
733,561,19,2020-10-06
734,999,23,2021-10-03
735,744,20,2022-09-01
736,121,13,2023-10-22
737,899,13,2024-10-22
738,988,29,2025-10-09
739,838,84,2020-10-04
740,99,6,2021-10-15
741,361,91,2022-09-16
742,935,70,2023-09-22
743,860,73,2024-10-03
744,86,72,2025-10-28
745,713,65,2020-11-25
746,271,88,2021-10-24
747,629,98,2022-11-10
748,926,58,2023-10-25
749,855,63,2024-09-27
750,329,47,2025-09-03
751,963,12,2020-10-22
752,233,67,2021-10-17
753,922,19,2022-10-17
754,460,45,2023-03-11
755,808,74,2024-11-08
756,202,63,2025-09-01
757,719,24,2020-10-28
758,900,18,2021-10-12
759,168,66,2022-10-24
760,467,37,2023-04-18
761,259,44,2024-03-24
762,498,83,2025-08-10
763,637,91,2020-09-16
764,558,27,2021-10-01
765,260,77,2022-10-17
766,965,101,2023-10-03
767,175,46,2024-03-07
768,55,25,2025-10-11
769,445,92,2020-09-18
770,74,10,2021-10-06
771,107,34,2022-04-21
772,685,70,2023-09-24
773,322,31,2024-10-30
774,73,32,2025-10-02
775,14,13,2020-10-05
776,502,1,2021-11-11
777,967,45,2022-03-16
778,697,94,2023-09-10
779,305,58,2024-10-01
780,729,19,2025-10-10
781,982,7,2020-10-14
782,276,99,2021-10-21
783,787,3,2022-11-30
784,49,20,2023-09-29
785,407,70,2024-09-13
786,851,16,2025-10-22
787,460,22,2020-10-10
788,891,60,2021-03-12
789,890,39,2022-05-28
790,719,81,2023-10-13
791,107,1,2024-11-02
792,771,19,2025-10-26
793,810,69,2020-09-06
794,467,88,2021-10-17
795,993,29,2022-10-25
796,821,53,2023-11-22
797,363,70,2024-09-21
798,402,91,2025-09-22
799,130,61,2020-09-11
800,470,30,2021-10-16
801,860,96,2022-11-17
802,272,12,2023-10-02
803,94,32,2024-10-08
804,623,11,2025-10-14
805,616,31,2020-10-12
806,286,103,2021-12-01
807,386,82,2022-10-11
808,818,48,2023-09-08
809,813,46,2024-03-15
810,755,85,2025-10-04
811,646,69,2020-09-23
812,566,15,2021-10-05
813,721,11,2022-10-18
814,129,50,2023-05-30
815,817,103,2024-12-24
816,472,88,2025-10-27
817,447,35,2020-04-27
818,781,97,2021-10-03
819,552,73,2022-10-16
820,835,50,2023-05-19
821,175,50,2024-05-16
822,699,15,2025-10-16
823,700,64,2020-09-15
824,95,29,2021-10-26
825,520,35,2022-04-12
826,120,35,2023-04-23
827,740,48,2024-09-30
828,888,44,2025-03-23
829,169,30,2020-10-06
830,247,73,2021-10-12
831,385,57,2022-10-27
832,513,13,2023-10-04
833,460,13,2024-10-23
834,410,57,2025-10-13
835,422,10,2020-10-28
836,265,41,2021-03-18
837,951,60,2022-03-01
838,406,73,2023-10-09
839,21,53,2024-11-09
840,453,49,2025-05-20
841,285,32,2020-10-09
842,333,2,2021-11-05
843,395,28,2022-10-08
844,929,2,2023-11-12
845,870,43,2024-03-05
846,890,24,2025-10-03
847,693,89,2020-11-04
848,564,44,2021-03-01
849,991,64,2022-09-19
850,6,49,2023-05-15
851,439,36,2024-04-21
852,471,42,2025-03-25
853,970,103,2020-12-07
854,650,62,2021-09-23
855,662,47,2022-09-27
856,694,82,2023-10-10
857,894,42,2024-03-11
858,867,77,2025-10-12
859,115,73,2020-10-05
860,747,50,2021-05-09
861,267,89,2022-11-01
862,375,102,2023-11-04
863,600,70,2024-09-27
864,615,78,2025-10-20
865,659,76,2020-10-20
866,582,9,2021-10-04
867,500,93,2022-09-11
868,812,33,2023-10-21
869,36,102,2024-11-08
870,486,67,2025-10-28
871,36,72,2020-10-24
872,661,10,2021-10-26
873,20,59,2022-03-27
874,728,71,2023-10-15
875,683,45,2024-03-24
876,190,9,2025-10-24
877,758,100,2020-10-22
878,20,16,2021-10-01
879,405,43,2022-03-01
880,984,13,2023-10-09
881,412,81,2024-10-15
882,278,12,2025-10-15
883,57,16,2020-10-14
884,849,3,2021-11-19
885,570,69,2022-09-10
886,36,84,2023-10-17
887,407,102,2024-11-27
888,386,51,2025-07-13
889,12,10,2020-10-28
890,163,79,2021-10-05
891,698,75,2022-09-17
892,444,36,2023-04-14
893,332,102,2024-11-11
894,456,26,2025-10-20
895,563,62,2020-09-11
896,929,27,2021-10-08
897,926,13,2022-10-22
898,425,67,2023-10-11
899,419,69,2024-09-12
900,663,34,2025-04-12
901,677,62,2020-09-02
902,475,75,2021-09-24
903,187,101,2022-10-01
904,789,23,2023-10-06
905,513,16,2024-10-10
906,726,99,2025-10-09
907,252,87,2020-10-06
908,761,72,2021-10-30
909,665,89,2022-11-14
910,926,73,2023-10-21
911,164,94,2024-09-04
912,56,16,2025-10-28
913,76,27,2020-10-12
914,244,41,2021-03-20
915,443,47,2022-09-03
916,612,19,2023-10-29
917,891,29,2024-10-24
918,270,92,2025-09-05
919,233,54,2020-10-04
920,426,54,2021-10-08
921,415,103,2022-12-16
922,211,8,2023-10-30
923,255,93,2024-09-06
924,860,96,2025-11-23
925,168,12,2020-10-11
926,72,46,2021-03-15
927,687,35,2022-04-10
928,28,94,2023-09-23
929,985,73,2024-10-17
930,633,56,2025-10-10
931,113,3,2020-11-30
932,8,94,2021-09-14
933,148,15,2022-10-06
934,142,33,2023-10-07
935,675,23,2024-10-29
936,785,7,2025-10-15
937,636,18,2020-10-30
938,939,33,2021-10-15
939,910,68,2022-10-15
940,507,86,2023-11-02
941,493,59,2024-03-05
942,706,101,2025-10-07
943,523,79,2020-10-28
944,82,46,2021-03-28
945,173,26,2022-10-13
946,591,77,2023-10-24
947,523,54,2024-10-17
948,214,91,2025-09-03
949,458,63,2020-09-16
950,274,77,2021-10-18
951,758,79,2022-10-24
952,639,57,2023-10-20
953,243,51,2024-07-15
954,923,37,2025-04-02
955,823,75,2020-09-04
956,759,55,2021-10-24
957,2,33,2022-10-19
958,80,62,2023-09-08
959,761,75,2024-09-23
960,840,55,2025-10-02
961,263,15,2020-10-02
962,733,83,2021-08-17
963,753,64,2022-09-11
964,680,13,2023-10-26
965,785,57,2024-10-15
966,257,30,2025-10-06
967,208,68,2020-10-03
968,946,84,2021-10-06
969,395,97,2022-10-25
970,383,21,2023-10-10
971,261,68,2024-10-15
972,404,1,2025-11-07
973,680,33,2020-10-23
974,131,99,2021-10-14
975,753,64,2022-09-19
976,919,68,2023-10-10
977,792,54,2024-10-08
978,440,45,2025-03-02
979,135,53,2020-11-20
980,394,45,2021-03-04
981,635,76,2022-10-20
982,274,75,2023-09-19
983,607,65,2024-11-17
984,799,5,2025-10-14
985,624,39,2020-05-16
986,130,58,2021-10-07
987,57,58,2022-10-19
988,61,41,2023-03-29
989,26,40,2024-05-14
990,227,82,2025-10-11
991,942,3,2020-11-04
992,850,21,2021-10-26
993,591,85,2022-10-02
994,104,76,2023-10-05
995,412,66,2024-10-12
996,259,39,2025-05-09
997,849,89,2020-11-11
998,18,19,2021-10-07
999,307,41,2022-03-08