UserID,Name,Email,Preferences,Gender,NumberOfAdults,NumberOfChildren
1,Neha,neha1014@example.com,"Religious, Entertainment",Female,1,0
2,Vikram,vikram1021@example.com,"Religious, Historical",Male,2,2
3,Pooja,pooja1028@example.com,"Nature, Historical",Female,2,0
4,Kavya,kavya1035@example.com,"Nature, Historical",Female,1,0
5,Meera,meera1042@example.com,"Religious, Historical",Female,2,2
6,Sanjay,sanjay1049@example.com,"Religious, Nature",Male,2,0
7,Vishal,vishal1056@example.com,"Nature, Religious",Male,2,1
8,Aditya,aditya1063@example.com,"Historical, Nature",Male,2,2
9,Anika,anika1070@example.com,"Historical, Religious",Female,2,0
10,Arjun,arjun1077@example.com,"Entertainment, Religious",Male,2,2
11,Rahul,rahul1084@example.com,"Wildlife, Cultural",Male,2,2
12,Sneha,sneha1091@example.com,"Historical, Religious",Female,1,1
13,Amit,amit1098@example.com,"Nature, Historical",Male,1,2
14,Kavya,kavya1105@example.com,"Historical, Religious",Female,2,2
15,Karan,karan1112@example.com,"Nature, Historical",Male,1,2
16,Swati,swati1119@example.com,"Entertainment, Religious",Female,1,2
17,Riya,riya1126@example.com,"Historical, Religious",Female,1,2
18,Aditya,aditya1133@example.com,"Historical, Nature",Male,1,0
19,Anika,anika1140@example.com,"Religious, Historical",Female,1,2
20,Priya,priya1147@example.com,"Nature, Religious",Female,2,0
21,Rahul,rahul1154@example.com,"Wildlife, Historical",Male,1,0
22,Vikram,vikram1161@example.com,"Nature, Historical",Male,2,1
23,Amit,amit1168@example.com,"Religious, Historical",Male,2,1
24,Rohan,rohan1175@example.com,"Nature, Historical",Male,1,2
25,Meera,meera1182@example.com,"Religious, Entertainment",Female,1,1
26,Sanjay,sanjay1189@example.com,"Historical, Religious",Male,2,0
27,Riya,riya1196@example.com,"Religious, Historical",Female,2,2
28,Nisha,nisha1203@example.com,"Nature, Historical",Female,2,1
29,Anika,anika1210@example.com,"Wildlife, Cultural",Female,2,0
30,Priya,priya1217@example.com,"Historical, Nature",Female,1,1
31,Rahul,rahul1224@example.com,"Historical, Nature",Male,2,2
32,Sneha,sneha1231@example.com,"Wildlife, Historical",Female,1,1
33,Amit,amit1238@example.com,"Nature, Historical",Male,2,2
34,Kavya,kavya1245@example.com,"Wildlife, Historical",Female,1,2
35,Karan,karan1252@example.com,"Historical, Religious",Male,2,1
36,Sanjay,sanjay1259@example.com,"Historical, Nature",Male,2,2
37,Vishal,vishal1266@example.com,"Religious, Historical",Male,1,2
38,Nisha,nisha1273@example.com,"Nature, Historical",Female,2,2
39,Aarav,aarav1280@example.com,"Nature, Historical",Male,2,2
40,Arjun,arjun1287@example.com,"Religious, Historical",Male,1,1
41,Rahul,rahul1294@example.com,"Nature, Historical",Male,1,2
42,Sneha,sneha1301@example.com,"Historical, Religious",Female,2,2
43,Pooja,pooja1308@example.com,"Historical, Religious",Female,1,2
44,Rohan,rohan1315@example.com,"Cultural, Wildlife",Male,2,2
45,Meera,meera1322@example.com,"Cultural, Historical",Female,2,0
46,Swati,swati1329@example.com,"Religious, Nature",Female,2,1
47,Riya,riya1336@example.com,"Nature, Historical",Female,2,1
48,Aditya,aditya1343@example.com,"Historical, Nature",Male,2,0
49,Aarav,aarav1350@example.com,"Nature, Historical",Male,1,1
50,Priya,priya1357@example.com,"Nature, Historical",Female,2,0
51,Rahul,rahul1364@example.com,"Historical, Religious",Male,1,1
52,Sneha,sneha1371@example.com,"Entertainment, Religious",Female,2,1
53,Amit,amit1378@example.com,"Wildlife, Cultural",Male,2,2
54,Rohan,rohan1385@example.com,"Historical, Religious",Male,2,0
55,Meera,meera1392@example.com,"Historical, Religious",Female,2,0
56,Sanjay,sanjay1399@example.com,"Historical, Religious",Male,1,1
57,Vishal,vishal1406@example.com,"Religious, Historical",Male,2,0
58,Aditya,aditya1413@example.com,"Entertainment, Religious",Male,1,2
59,Aarav,aarav1420@example.com,"Wildlife, Cultural",Male,1,1
60,Arjun,arjun1427@example.com,"Historical, Nature",Male,2,1
61,Rahul,rahul1434@example.com,"Nature, Historical",Male,2,2
62,Vikram,vikram1441@example.com,"Historical, Religious",Male,1,0
63,Amit,amit1448@example.com,"Nature, Historical",Male,2,0
64,Rohan,rohan1455@example.com,"Entertainment, Religious",Male,1,1
65,Meera,meera1462@example.com,"Wildlife, Cultural",Female,2,1
66,Sanjay,sanjay1469@example.com,"Nature, Historical",Male,1,2
67,Riya,riya1476@example.com,"Religious, Entertainment",Female,1,0
68,Aditya,aditya1483@example.com,"Nature, Historical",Male,1,0
69,Aarav,aarav1490@example.com,"Historical, Religious",Male,1,0
70,Arjun,arjun1497@example.com,"Entertainment, Religious",Male,1,2
71,Neha,neha1504@example.com,"Nature, Historical",Female,2,2
72,Vikram,vikram1511@example.com,"Nature, Historical",Male,2,1
73,Pooja,pooja1518@example.com,"Religious, Historical",Female,1,1
74,Rohan,rohan1525@example.com,"Historical, Religious",Male,1,1
75,Karan,karan1532@example.com,"Nature, Historical",Male,1,1
76,Swati,swati1539@example.com,"Religious, Historical",Female,2,0
77,Vishal,vishal1546@example.com,"Wildlife, Cultural",Male,2,0
78,Aditya,aditya1553@example.com,"Historical, Nature",Male,1,0
79,Aarav,aarav1560@example.com,"Historical, Religious",Male,2,0
80,Priya,priya1567@example.com,"Historical, Religious",Female,1,2
81,Neha,neha1574@example.com,"Nature, Historical",Female,1,2
82,Vikram,vikram1581@example.com,"Nature, Historical",Male,2,0
83,Pooja,pooja1588@example.com,"Wildlife, Cultural",Female,1,1
84,Kavya,kavya1595@example.com,"Religious, Historical",Female,2,0
85,Meera,meera1602@example.com,"Religious, Entertainment",Female,2,1
86,Sanjay,sanjay1609@example.com,"Historical, Religious",Male,2,2
87,Vishal,vishal1616@example.com,"Nature, Historical",Male,2,2
88,Aditya,aditya1623@example.com,"Historical, Religious",Male,2,1
89,Aarav,aarav1630@example.com,"Religious, Historical",Male,2,0
90,Priya,priya1637@example.com,"Nature, Historical",Female,1,0
91,Rahul,rahul1644@example.com,"Historical, Religious",Male,2,1
92,Sneha,sneha1651@example.com,"Nature, Historical",Female,2,0
93,Pooja,pooja1658@example.com,"Nature, Historical",Female,1,0
94,Rohan,rohan1665@example.com,"Religious, Historical",Male,1,2
95,Meera,meera1672@example.com,"Historical, Religious",Female,2,1
96,Sanjay,sanjay1679@example.com,"Historical, Nature",Male,1,0
97,Vishal,vishal1686@example.com,"Religious, Entertainment",Male,1,2
98,Aditya,aditya1693@example.com,"Cultural, Wildlife",Male,2,0
99,Aarav,aarav1700@example.com,"Historical, Religious",Male,2,0
100,Priya,priya1707@example.com,"Entertainment, Religious",Female,1,1
101,Neha,neha1714@example.com,"Wildlife, Cultural",Female,2,0
102,Sneha,sneha1721@example.com,"Historical, Nature",Female,1,2
103,Pooja,pooja1728@example.com,"Historical, Religious",Female,1,0
104,Rohan,rohan1735@example.com,"Historical, Religious",Male,2,1
105,Karan,karan1742@example.com,"Historical, Religious",Male,1,0
106,Sanjay,sanjay1749@example.com,"Historical, Religious",Male,1,0
107,Riya,riya1756@example.com,"Historical, Nature",Female,1,1
108,Aditya,aditya1763@example.com,"Historical, Nature",Male,2,0
109,Anika,anika1770@example.com,"Historical, Entertainment",Female,2,0
110,Priya,priya1777@example.com,"Nature, Historical",Female,1,1
111,Rahul,rahul1784@example.com,"Nature, Historical",Male,2,0
112,Vikram,vikram1791@example.com,"Nature, Historical",Male,1,2
113,Amit,amit1798@example.com,"Historical, Religious",Male,1,0
114,Rohan,rohan1805@example.com,"Nature, Historical",Male,1,0
115,Meera,meera1812@example.com,"Historical, Nature",Female,1,1
116,Sanjay,sanjay1819@example.com,"Historical, Religious",Male,1,1
117,Vishal,vishal1826@example.com,"Nature, Historical",Male,2,1
118,Aditya,aditya1833@example.com,"Entertainment, Religious",Male,1,1
119,Aarav,aarav1840@example.com,"Wildlife, Cultural",Male,2,0
120,Arjun,arjun1847@example.com,"Nature, Historical",Male,1,2
121,Neha,neha1854@example.com,"Historical, Religious",Female,2,2
122,Vikram,vikram1861@example.com,"Religious, Wildlife",Male,2,2
123,Pooja,pooja1868@example.com,"Nature, Historical",Female,2,1
124,Rohan,rohan1875@example.com,"Entertainment, Religious",Male,2,0
125,Meera,meera1882@example.com,"Wildlife, Cultural",Female,2,0
126,Swati,swati1889@example.com,"Historical, Nature",Female,1,0
127,Riya,riya1896@example.com,"Historical, Religious",Female,2,2
128,Aditya,aditya1903@example.com,"Nature, Historical",Male,2,2
129,Aarav,aarav1910@example.com,"Entertainment, Religious",Male,2,1
130,Arjun,arjun1917@example.com,"Historical, Wildlife",Male,2,2
131,Neha,neha1924@example.com,"Historical, Religious",Female,1,2
132,Sneha,sneha1931@example.com,"Historical, Nature",Female,2,2
133,Amit,amit1938@example.com,"Historical, Religious",Male,2,2
134,Kavya,kavya1945@example.com,"Cultural, Wildlife",Female,1,0
135,Meera,meera1952@example.com,"Wildlife, Historical",Female,1,2
136,Sanjay,sanjay1959@example.com,"Entertainment, Religious",Male,2,2
137,Riya,riya1966@example.com,"Wildlife, Cultural",Female,1,2
138,Nisha,nisha1973@example.com,"Nature, Historical",Female,1,2
139,Aarav,aarav1980@example.com,"Religious, Entertainment",Male,1,2
140,Priya,priya1987@example.com,"Religious, Historical",Female,1,2
141,Neha,neha1994@example.com,"Religious, Historical",Female,2,1
142,Vikram,vikram2001@example.com,"Nature, Religious",Male,2,1
143,Amit,amit2008@example.com,"Nature, Historical",Male,1,0
144,Kavya,kavya2015@example.com,"Historical, Nature",Female,1,1
145,Karan,karan2022@example.com,"Religious, Entertainment",Male,2,0
146,Swati,swati2029@example.com,"Religious, Historical",Female,1,1
147,Riya,riya2036@example.com,"Nature, Historical",Female,2,1
148,Aditya,aditya2043@example.com,"Historical, Religious",Male,2,1
149,Aarav,aarav2050@example.com,"Historical, Religious",Male,2,0
150,Arjun,arjun2057@example.com,"Historical, Nature",Male,2,0
151,Neha,neha2064@example.com,"Historical, Religious",Female,1,1
152,Vikram,vikram2071@example.com,"Nature, Historical",Male,1,1
153,Pooja,pooja2078@example.com,"Historical, Religious",Female,1,0
154,Kavya,kavya2085@example.com,"Historical, Nature",Female,2,0
155,Karan,karan2092@example.com,"Wildlife, Cultural",Male,1,1
156,Swati,swati2099@example.com,"Historical, Religious",Female,2,1
157,Riya,riya2106@example.com,"Historical, Religious",Female,2,1
158,Aditya,aditya2113@example.com,"Cultural, Wildlife",Male,2,1
159,Aarav,aarav2120@example.com,"Nature, Historical",Male,1,0
160,Priya,priya2127@example.com,"Historical, Nature",Female,2,2
161,Neha,neha2134@example.com,"Wildlife, Cultural",Female,1,0
162,Vikram,vikram2141@example.com,"Nature, Historical",Male,1,0
163,Pooja,pooja2148@example.com,"Nature, Religious",Female,2,2
164,Rohan,rohan2155@example.com,"Historical, Religious",Male,1,2
165,Karan,karan2162@example.com,"Historical, Religious",Male,2,0
166,Sanjay,sanjay2169@example.com,"Entertainment, Religious",Male,2,0
167,Vishal,vishal2176@example.com,"Wildlife, Cultural",Male,1,2
168,Nisha,nisha2183@example.com,"Nature, Historical",Female,1,2
169,Anika,anika2190@example.com,"Historical, Religious",Female,2,2
170,Priya,priya2197@example.com,"Cultural, Wildlife",Female,1,0
171,Rahul,rahul2204@example.com,"Historical, Religious",Male,2,1
172,Vikram,vikram2211@example.com,"Historical, Religious",Male,1,2
173,Amit,amit2218@example.com,"Historical, Religious",Male,2,1
174,Rohan,rohan2225@example.com,"Wildlife, Historical",Male,1,1
175,Karan,karan2232@example.com,"Nature, Religious",Male,2,0
176,Sanjay,sanjay2239@example.com,"Religious, Historical",Male,1,0
177,Vishal,vishal2246@example.com,"Historical, Wildlife",Male,2,1
178,Nisha,nisha2253@example.com,"Entertainment, Religious",Female,1,0
179,Aarav,aarav2260@example.com,"Wildlife, Cultural",Male,1,2
180,Priya,priya2267@example.com,"Historical, Nature",Female,1,2
181,Rahul,rahul2274@example.com,"Religious, Entertainment",Male,2,1
182,Vikram,vikram2281@example.com,"Cultural, Wildlife",Male,1,1
183,Amit,amit2288@example.com,"Nature, Historical",Male,2,2
184,Rohan,rohan2295@example.com,"Religious, Nature",Male,1,2
185,Meera,meera2302@example.com,"Wildlife, Cultural",Female,2,1
186,Sanjay,sanjay2309@example.com,"Nature, Historical",Male,1,2
187,Riya,riya2316@example.com,"Historical, Religious",Female,1,0
188,Nisha,nisha2323@example.com,"Historical, Religious",Female,1,0
189,Anika,anika2330@example.com,"Nature, Historical",Female,1,1
190,Priya,priya2337@example.com,"Historical, Religious",Female,1,0
191,Rahul,rahul2344@example.com,"Nature, Historical",Male,2,1
192,Vikram,vikram2351@example.com,"Nature, Historical",Male,1,0
193,Pooja,pooja2358@example.com,"Nature, Historical",Female,1,0
194,Kavya,kavya2365@example.com,"Religious, Historical",Female,2,1
195,Karan,karan2372@example.com,"Religious, Historical",Male,1,2
196,Sanjay,sanjay2379@example.com,"Entertainment, Religious",Male,1,1
197,Riya,riya2386@example.com,"Religious, Historical",Female,1,1
198,Aditya,aditya2393@example.com,"Historical, Religious",Male,2,2
199,Aarav,aarav2400@example.com,"Nature, Historical",Male,1,0
200,Arjun,arjun2407@example.com,"Cultural, Wildlife",Male,1,1
201,Rahul,rahul2414@example.com,"Historical, Religious",Male,2,1
202,Vikram,vikram2421@example.com,"Religious, Historical",Male,1,1
203,Pooja,pooja2428@example.com,"Nature, Historical",Female,2,0
204,Rohan,rohan2435@example.com,"Historical, Nature",Male,1,0
205,Meera,meera2442@example.com,"Religious, Entertainment",Female,1,2
206,Swati,swati2449@example.com,"Religious, Historical",Female,2,1
207,Vishal,vishal2456@example.com,"Nature, Historical",Male,2,2
208,Aditya,aditya2463@example.com,"Entertainment, Historical",Male,1,2
209,Aarav,aarav2470@example.com,"Entertainment, Historical",Male,1,1
210,Arjun,arjun2477@example.com,"Historical, Nature",Male,1,1
211,Neha,neha2484@example.com,"Religious, Historical",Female,2,2
212,Sneha,sneha2491@example.com,"Nature, Historical",Female,2,0
213,Amit,amit2498@example.com,"Nature, Historical",Male,1,2
214,Rohan,rohan2505@example.com,"Nature, Historical",Male,1,0
215,Meera,meera2512@example.com,"Historical, Nature",Female,1,0
216,Swati,swati2519@example.com,"Religious, Historical",Female,1,2
217,Vishal,vishal2526@example.com,"Religious, Historical",Male,1,1
218,Nisha,nisha2533@example.com,"Wildlife, Historical",Female,2,2
219,Anika,anika2540@example.com,"Nature, Historical",Female,1,2
220,Priya,priya2547@example.com,"Entertainment, Religious",Female,2,0
221,Rahul,rahul2554@example.com,"Nature, Historical",Male,1,2
222,Vikram,vikram2561@example.com,"Nature, Historical",Male,1,1
223,Pooja,pooja2568@example.com,"Religious, Entertainment",Female,1,2
224,Rohan,rohan2575@example.com,"Cultural, Wildlife",Male,2,2
225,Meera,meera2582@example.com,"Nature, Historical",Female,2,0
226,Swati,swati2589@example.com,"Historical, Religious",Female,2,1
227,Vishal,vishal2596@example.com,"Historical, Religious",Male,1,1
228,Nisha,nisha2603@example.com,"Historical, Nature",Female,1,0
229,Aarav,aarav2610@example.com,"Historical, Nature",Male,2,1
230,Priya,priya2617@example.com,"Cultural, Wildlife",Female,2,1
231,Neha,neha2624@example.com,"Nature, Historical",Female,2,2
232,Vikram,vikram2631@example.com,"Entertainment, Religious",Male,2,0
233,Amit,amit2638@example.com,"Historical, Religious",Male,1,1
234,Rohan,rohan2645@example.com,"Historical, Nature",Male,1,0
235,Karan,karan2652@example.com,"Religious, Entertainment",Male,1,2
236,Sanjay,sanjay2659@example.com,"Cultural, Wildlife",Male,2,1
237,Riya,riya2666@example.com,"Nature, Historical",Female,2,0
238,Nisha,nisha2673@example.com,"Nature, Historical",Female,1,1
239,Aarav,aarav2680@example.com,"Wildlife, Cultural",Male,2,0
240,Priya,priya2687@example.com,"Historical, Nature",Female,1,2
241,Neha,neha2694@example.com,"Religious, Entertainment",Female,1,2
242,Sneha,sneha2701@example.com,"Historical, Religious",Female,2,1
243,Pooja,pooja2708@example.com,"Nature, Historical",Female,1,1
244,Rohan,rohan2715@example.com,"Nature, Historical",Male,2,0
245,Karan,karan2722@example.com,"Wildlife, Cultural",Male,2,1
246,Swati,swati2729@example.com,"Religious, Historical",Female,2,2
247,Riya,riya2736@example.com,"Nature, Historical",Female,2,2
248,Nisha,nisha2743@example.com,"Religious, Historical",Female,1,2
249,Aarav,aarav2750@example.com,"Wildlife, Historical",Male,1,1
250,Arjun,arjun2757@example.com,"Entertainment, Religious",Male,1,0
251,Neha,neha2764@example.com,"Religious, Historical",Female,2,2
252,Vikram,vikram2771@example.com,"Nature, Historical",Male,2,2
253,Amit,amit2778@example.com,"Religious, Entertainment",Male,2,1
254,Kavya,kavya2785@example.com,"Historical, Religious",Female,1,1
255,Meera,meera2792@example.com,"Nature, Historical",Female,2,1
256,Sanjay,sanjay2799@example.com,"Entertainment, Religious",Male,2,1
257,Riya,riya2806@example.com,"Historical, Religious",Female,2,0
258,Aditya,aditya2813@example.com,"Religious, Historical",Male,2,1
259,Aarav,aarav2820@example.com,"Historical, Nature",Male,1,0
260,Priya,priya2827@example.com,"Historical, Nature",Female,1,0
261,Rahul,rahul2834@example.com,"Entertainment, Nature",Male,2,2
262,Sneha,sneha2841@example.com,"Entertainment, Religious",Female,2,2
263,Amit,amit2848@example.com,"Religious, Historical",Male,1,1
264,Kavya,kavya2855@example.com,"Historical, Nature",Female,1,2
265,Karan,karan2862@example.com,"Religious, Nature",Male,1,0
266,Sanjay,sanjay2869@example.com,"Cultural, Wildlife",Male,2,1
267,Riya,riya2876@example.com,"Historical, Nature",Female,2,1
268,Nisha,nisha2883@example.com,"Entertainment, Religious",Female,1,1
269,Aarav,aarav2890@example.com,"Historical, Religious",Male,2,1
270,Arjun,arjun2897@example.com,"Historical, Wildlife",Male,2,2
271,Rahul,rahul2904@example.com,"Nature, Historical",Male,2,1
272,Vikram,vikram2911@example.com,"Historical, Religious",Male,2,0
273,Amit,amit2918@example.com,"Nature, Historical",Male,2,1
274,Rohan,rohan2925@example.com,"Religious, Historical",Male,1,2
275,Meera,meera2932@example.com,"Nature, Historical",Female,1,0
276,Sanjay,sanjay2939@example.com,"Historical, Religious",Male,1,2
277,Vishal,vishal2946@example.com,"Religious, Entertainment",Male,2,2
278,Aditya,aditya2953@example.com,"Historical, Nature",Male,1,2
279,Aarav,aarav2960@example.com,"Nature, Historical",Male,2,2
280,Priya,priya2967@example.com,"Nature, Historical",Female,1,1
281,Rahul,rahul2974@example.com,"Historical, Nature",Male,2,2
282,Vikram,vikram2981@example.com,"Historical, Nature",Male,2,1
283,Pooja,pooja2988@example.com,"Religious, Entertainment",Female,1,1
284,Kavya,kavya2995@example.com,"Cultural, Wildlife",Female,1,2
285,Meera,meera3002@example.com,"Religious, Historical",Female,1,0
286,Sanjay,sanjay3009@example.com,"Wildlife, Historical",Male,2,2
287,Riya,riya3016@example.com,"Religious, Historical",Female,1,2
288,Nisha,nisha3023@example.com,"Wildlife, Historical",Female,1,1
289,Aarav,aarav3030@example.com,"Nature, Historical",Male,2,1
290,Priya,priya3037@example.com,"Nature, Religious",Female,2,1
291,Rahul,rahul3044@example.com,"Nature, Historical",Male,2,1
292,Vikram,vikram3051@example.com,"Nature, Historical",Male,2,2
293,Pooja,pooja3058@example.com,"Nature, Historical",Female,1,0
294,Rohan,rohan3065@example.com,"Historical, Religious",Male,2,0
295,Karan,karan3072@example.com,"Historical, Religious",Male,1,0
296,Sanjay,sanjay3079@example.com,"Religious, Historical",Male,1,0
297,Vishal,vishal3086@example.com,"Nature, Historical",Male,1,1
298,Nisha,nisha3093@example.com,"Nature, Historical",Female,1,2
299,Anika,anika3100@example.com,"Historical, Religious",Female,2,1
300,Priya,priya3107@example.com,"Historical, Nature",Female,2,1
301,Neha,neha3114@example.com,"Religious, Entertainment",Female,2,2
302,Vikram,vikram3121@example.com,"Religious, Historical",Male,1,2
303,Pooja,pooja3128@example.com,"Religious, Wildlife",Female,2,2
304,Rohan,rohan3135@example.com,"Religious, Historical",Male,1,1
305,Meera,meera3142@example.com,"Historical, Religious",Female,1,0
306,Swati,swati3149@example.com,"Religious, Historical",Female,2,1
307,Riya,riya3156@example.com,"Nature, Historical",Female,2,1
308,Nisha,nisha3163@example.com,"Historical, Religious",Female,2,2
309,Anika,anika3170@example.com,"Nature, Historical",Female,2,1
310,Arjun,arjun3177@example.com,"Entertainment, Religious",Male,2,0
311,Neha,neha3184@example.com,"Historical, Religious",Female,2,0
312,Vikram,vikram3191@example.com,"Historical, Nature",Male,1,1
313,Pooja,pooja3198@example.com,"Religious, Entertainment",Female,1,2
314,Kavya,kavya3205@example.com,"Nature, Historical",Female,2,1
315,Karan,karan3212@example.com,"Historical, Nature",Male,2,0
316,Swati,swati3219@example.com,"Entertainment, Religious",Female,2,0
317,Vishal,vishal3226@example.com,"Historical, Religious",Male,2,1
318,Nisha,nisha3233@example.com,"Nature, Historical",Female,2,0
319,Anika,anika3240@example.com,"Historical, Nature",Female,2,1
320,Priya,priya3247@example.com,"Historical, Religious",Female,2,0
321,Neha,neha3254@example.com,"Religious, Historical",Female,2,2
322,Sneha,sneha3261@example.com,"Historical, Nature",Female,2,0
323,Amit,amit3268@example.com,"Wildlife, Cultural",Male,2,1
324,Rohan,rohan3275@example.com,"Historical, Nature",Male,1,1
325,Karan,karan3282@example.com,"Religious, Entertainment",Male,1,2
326,Swati,swati3289@example.com,"Nature, Historical",Female,1,0
327,Riya,riya3296@example.com,"Nature, Historical",Female,1,1
328,Nisha,nisha3303@example.com,"Religious, Historical",Female,2,0
329,Aarav,aarav3310@example.com,"Religious, Historical",Male,2,2
330,Priya,priya3317@example.com,"Religious, Historical",Female,2,1
331,Rahul,rahul3324@example.com,"Historical, Nature",Male,1,2
332,Sneha,sneha3331@example.com,"Religious, Nature",Female,2,1
333,Pooja,pooja3338@example.com,"Historical, Religious",Female,2,0
334,Rohan,rohan3345@example.com,"Historical, Religious",Male,2,1
335,Meera,meera3352@example.com,"Historical, Religious",Female,2,2
336,Sanjay,sanjay3359@example.com,"Historical, Nature",Male,2,1
337,Vishal,vishal3366@example.com,"Nature, Historical",Male,2,2
338,Aditya,aditya3373@example.com,"Cultural, Wildlife",Male,2,1
339,Anika,anika3380@example.com,"Historical, Nature",Female,1,2
340,Priya,priya3387@example.com,"Historical, Religious",Female,1,0
341,Rahul,rahul3394@example.com,"Wildlife, Cultural",Male,1,1
342,Vikram,vikram3401@example.com,"Historical, Nature",Male,1,0
343,Pooja,pooja3408@example.com,"Cultural, Nature",Female,2,1
344,Rohan,rohan3415@example.com,"Nature, Historical",Male,2,1
345,Karan,karan3422@example.com,"Nature, Historical",Male,1,0
346,Sanjay,sanjay3429@example.com,"Nature, Wildlife",Male,2,2
347,Riya,riya3436@example.com,"Nature, Historical",Female,1,0
348,Nisha,nisha3443@example.com,"Cultural, Historical",Female,1,0
349,Anika,anika3450@example.com,"Religious, Entertainment",Female,2,1
350,Arjun,arjun3457@example.com,"Cultural, Wildlife",Male,1,2
351,Rahul,rahul3464@example.com,"Religious, Historical",Male,2,2
352,Sneha,sneha3471@example.com,"Nature, Religious",Female,1,0
353,Pooja,pooja3478@example.com,"Wildlife, Cultural",Female,2,0
354,Kavya,kavya3485@example.com,"Historical, Religious",Female,1,2
355,Meera,meera3492@example.com,"Religious, Entertainment",Female,1,0
356,Sanjay,sanjay3499@example.com,"Religious, Historical",Male,1,1
357,Riya,riya3506@example.com,"Historical, Religious",Female,1,1
358,Nisha,nisha3513@example.com,"Nature, Historical",Female,2,0
359,Aarav,aarav3520@example.com,"Religious, Nature",Male,2,1
360,Priya,priya3527@example.com,"Historical, Religious",Female,2,2
361,Neha,neha3534@example.com,"Historical, Nature",Female,1,0
362,Vikram,vikram3541@example.com,"Historical, Religious",Male,2,1
363,Pooja,pooja3548@example.com,"Nature, Historical",Female,1,0
364,Kavya,kavya3555@example.com,"Entertainment, Religious",Female,2,2
365,Karan,karan3562@example.com,"Wildlife, Cultural",Male,1,1
366,Swati,swati3569@example.com,"Historical, Nature",Female,1,2
367,Riya,riya3576@example.com,"Religious, Entertainment",Female,1,0
368,Aditya,aditya3583@example.com,"Religious, Nature",Male,1,0
369,Aarav,aarav3590@example.com,"Religious, Historical",Male,2,1
370,Priya,priya3597@example.com,"Entertainment, Religious",Female,2,2
371,Rahul,rahul3604@example.com,"Wildlife, Cultural",Male,2,0
372,Sneha,sneha3611@example.com,"Historical, Nature",Female,1,2
373,Amit,amit3618@example.com,"Entertainment, Historical",Male,2,2
374,Kavya,kavya3625@example.com,"Cultural, Wildlife",Female,1,1
375,Meera,meera3632@example.com,"Historical, Nature",Female,1,2
376,Swati,swati3639@example.com,"Historical, Nature",Female,2,0
377,Riya,riya3646@example.com,"Wildlife, Cultural",Female,2,0
378,Nisha,nisha3653@example.com,"Historical, Nature",Female,2,1
379,Anika,anika3660@example.com,"Cultural, Historical",Female,1,2
380,Arjun,arjun3667@example.com,"Cultural, Wildlife",Male,2,0
381,Neha,neha3674@example.com,"Nature, Historical",Female,2,0
382,Sneha,sneha3681@example.com,"Religious, Historical",Female,1,1
383,Pooja,pooja3688@example.com,"Historical, Religious",Female,2,2
384,Rohan,rohan3695@example.com,"Nature, Historical",Male,1,2
385,Meera,meera3702@example.com,"Historical, Religious",Female,2,2
386,Sanjay,sanjay3709@example.com,"Historical, Nature",Male,2,0
387,Vishal,vishal3716@example.com,"Nature, Historical",Male,1,0
388,Aditya,aditya3723@example.com,"Entertainment, Religious",Male,1,1
389,Anika,anika3730@example.com,"Religious, Historical",Female,2,0
390,Arjun,arjun3737@example.com,"Historical, Nature",Male,2,1
391,Neha,neha3744@example.com,"Religious, Entertainment",Female,1,1
392,Vikram,vikram3751@example.com,"Cultural, Wildlife",Male,2,2
393,Pooja,pooja3758@example.com,"Nature, Historical",Female,2,1
394,Kavya,kavya3765@example.com,"Nature, Historical",Female,2,2
395,Karan,karan3772@example.com,"Nature, Historical",Male,2,2
396,Swati,swati3779@example.com,"Historical, Religious",Female,2,0
397,Riya,riya3786@example.com,"Religious, Entertainment",Female,2,0
398,Nisha,nisha3793@example.com,"Cultural, Wildlife",Female,1,1
399,Aarav,aarav3800@example.com,"Religious, Historical",Male,1,1
400,Priya,priya3807@example.com,"Entertainment, Religious",Female,2,1
401,Rahul,rahul3814@example.com,"Historical, Religious",Male,1,1
402,Vikram,vikram3821@example.com,"Nature, Historical",Male,2,0
403,Amit,amit3828@example.com,"Historical, Religious",Male,1,1
404,Rohan,rohan3835@example.com,"Historical, Religious",Male,1,2
405,Karan,karan3842@example.com,"Nature, Historical",Male,2,0
406,Sanjay,sanjay3849@example.com,"Nature, Historical",Male,2,2
407,Riya,riya3856@example.com,"Historical, Nature",Female,2,1
408,Aditya,aditya3863@example.com,"Historical, Nature",Male,2,0
409,Aarav,aarav3870@example.com,"Religious, Entertainment",Male,2,2
410,Arjun,arjun3877@example.com,"Historical, Religious",Male,1,0
411,Rahul,rahul3884@example.com,"Historical, Religious",Male,2,2
412,Sneha,sneha3891@example.com,"Historical, Nature",Female,2,0
413,Pooja,pooja3898@example.com,"Wildlife, Cultural",Female,2,2
414,Kavya,kavya3905@example.com,"Wildlife, Historical",Female,1,2
415,Karan,karan3912@example.com,"Wildlife, Historical",Male,1,2
416,Swati,swati3919@example.com,"Religious, Historical",Female,2,0
417,Vishal,vishal3926@example.com,"Nature, Historical",Male,2,2
418,Nisha,nisha3933@example.com,"Nature, Historical",Female,1,2
419,Aarav,aarav3940@example.com,"Historical, Religious",Male,2,1
420,Priya,priya3947@example.com,"Historical, Nature",Female,2,2
421,Neha,neha3954@example.com,"Religious, Historical",Female,2,1
422,Sneha,sneha3961@example.com,"Historical, Religious",Female,1,0
423,Amit,amit3968@example.com,"Nature, Historical",Male,1,2
424,Kavya,kavya3975@example.com,"Entertainment, Religious",Female,1,0
425,Karan,karan3982@example.com,"Historical, Religious",Male,2,1
426,Swati,swati3989@example.com,"Religious, Historical",Female,1,1
427,Riya,riya3996@example.com,"Religious, Entertainment",Female,1,0
428,Nisha,nisha4003@example.com,"Cultural, Wildlife",Female,1,2
429,Anika,anika4010@example.com,"Nature, Historical",Female,1,0
430,Arjun,arjun4017@example.com,"Entertainment, Religious",Male,1,1
431,Rahul,rahul4024@example.com,"Historical, Religious",Male,1,1
432,Vikram,vikram4031@example.com,"Historical, Nature",Male,2,2
433,Pooja,pooja4038@example.com,"Religious, Historical",Female,2,1
434,Kavya,kavya4045@example.com,"Religious, Entertainment",Female,2,2
435,Karan,karan4052@example.com,"Nature, Historical",Male,1,2
436,Swati,swati4059@example.com,"Entertainment, Religious",Female,1,2
437,Vishal,vishal4066@example.com,"Historical, Wildlife",Male,2,1
438,Nisha,nisha4073@example.com,"Nature, Historical",Female,2,0
439,Aarav,aarav4080@example.com,"Nature, Historical",Male,2,0
440,Priya,priya4087@example.com,"Nature, Historical",Female,1,1
441,Neha,neha4094@example.com,"Nature, Historical",Female,2,0
442,Sneha,sneha4101@example.com,"Entertainment, Religious",Female,1,0
443,Amit,amit4108@example.com,"Religious, Historical",Male,2,1
444,Kavya,kavya4115@example.com,"Nature, Historical",Female,1,0
445,Meera,meera4122@example.com,"Wildlife, Historical",Female,2,1
446,Swati,swati4129@example.com,"Historical, Religious",Female,2,2
447,Vishal,vishal4136@example.com,"Nature, Historical",Male,2,2
448,Aditya,aditya4143@example.com,"Entertainment, Religious",Male,1,0
449,Aarav,aarav4150@example.com,"Historical, Religious",Male,2,1
450,Priya,priya4157@example.com,"Historical, Nature",Female,1,2
451,Rahul,rahul4164@example.com,"Nature, Historical",Male,1,1
452,Vikram,vikram4171@example.com,"Cultural, Wildlife",Male,2,1
453,Pooja,pooja4178@example.com,"Religious, Historical",Female,1,1
454,Rohan,rohan4185@example.com,"Religious, Historical",Male,2,0
455,Meera,meera4192@example.com,"Wildlife, Cultural",Female,1,2
456,Swati,swati4199@example.com,"Historical, Religious",Female,1,0
457,Riya,riya4206@example.com,"Historical, Religious",Female,2,1
458,Aditya,aditya4213@example.com,"Historical, Religious",Male,1,2
459,Anika,anika4220@example.com,"Nature, Historical",Female,1,0
460,Arjun,arjun4227@example.com,"Historical, Nature",Male,1,2
461,Neha,neha4234@example.com,"Wildlife, Cultural",Female,1,0
462,Vikram,vikram4241@example.com,"Religious, Historical",Male,1,1
463,Amit,amit4248@example.com,"Historical, Wildlife",Male,1,2
464,Kavya,kavya4255@example.com,"Cultural, Wildlife",Female,1,1
465,Karan,karan4262@example.com,"Historical, Religious",Male,1,1
466,Swati,swati4269@example.com,"Historical, Religious",Female,1,2
467,Vishal,vishal4276@example.com,"Historical, Nature",Male,2,2
468,Aditya,aditya4283@example.com,"Historical, Nature",Male,1,0
469,Aarav,aarav4290@example.com,"Nature, Historical",Male,2,0
470,Arjun,arjun4297@example.com,"Historical, Religious",Male,2,1
471,Rahul,rahul4304@example.com,"Nature, Historical",Male,1,0
472,Sneha,sneha4311@example.com,"Historical, Nature",Female,2,2
473,Amit,amit4318@example.com,"Historical, Religious",Male,2,2
474,Rohan,rohan4325@example.com,"Historical, Nature",Male,2,2
475,Karan,karan4332@example.com,"Historical, Religious",Male,1,1
476,Swati,swati4339@example.com,"Religious, Historical",Female,1,0
477,Riya,riya4346@example.com,"Nature, Historical",Female,2,0
478,Aditya,aditya4353@example.com,"Entertainment, Religious",Male,2,0
479,Aarav,aarav4360@example.com,"Wildlife, Cultural",Male,2,0
480,Priya,priya4367@example.com,"Historical, Nature",Female,2,0
481,Neha,neha4374@example.com,"Wildlife, Historical",Female,1,0
482,Sneha,sneha4381@example.com,"Cultural, Wildlife",Female,2,0
483,Pooja,pooja4388@example.com,"Nature, Historical",Female,1,1
484,Kavya,kavya4395@example.com,"Entertainment, Religious",Female,2,0
485,Meera,meera4402@example.com,"Wildlife, Cultural",Female,1,0
486,Sanjay,sanjay4409@example.com,"Historical, Nature",Male,1,0
487,Riya,riya4416@example.com,"Religious, Entertainment",Female,1,1
488,Nisha,nisha4423@example.com,"Nature, Historical",Female,1,0
489,Aarav,aarav4430@example.com,"Nature, Historical",Male,2,1
490,Priya,priya4437@example.com,"Nature, Historical",Female,2,1
491,Neha,neha4444@example.com,"Wildlife, Cultural",Female,2,1
492,Sneha,sneha4451@example.com,"Nature, Historical",Female,2,2
493,Amit,amit4458@example.com,"Nature, Historical",Male,2,0
494,Kavya,kavya4465@example.com,"Cultural, Wildlife",Female,1,2
495,Meera,meera4472@example.com,"Historical, Religious",Female,2,0
496,Sanjay,sanjay4479@example.com,"Nature, Historical",Male,1,1
497,Vishal,vishal4486@example.com,"Nature, Religious",Male,2,1
498,Aditya,aditya4493@example.com,"Religious, Nature",Male,1,0
499,Aarav,aarav4500@example.com,"Religious, Historical",Male,2,0
500,Priya,priya4507@example.com,"Nature, Historical",Female,1,1
501,Rahul,rahul4514@example.com,"Nature, Historical",Male,2,0
502,Sneha,sneha4521@example.com,"Historical, Religious",Female,2,0
503,Amit,amit4528@example.com,"Nature, Historical",Male,1,2
504,Kavya,kavya4535@example.com,"Historical, Religious",Female,1,1
505,Meera,meera4542@example.com,"Religious, Entertainment",Female,1,2
506,Swati,swati4549@example.com,"Nature, Historical",Female,2,1
507,Riya,riya4556@example.com,"Religious, Nature",Female,2,2
508,Nisha,nisha4563@example.com,"Entertainment, Religious",Female,2,0
509,Aarav,aarav4570@example.com,"Historical, Religious",Male,1,0
510,Priya,priya4577@example.com,"Cultural, Historical",Female,1,1
511,Rahul,rahul4584@example.com,"Religious, Historical",Male,2,1
512,Vikram,vikram4591@example.com,"Historical, Religious",Male,1,1
513,Amit,amit4598@example.com,"Religious, Historical",Male,1,2
514,Kavya,kavya4605@example.com,"Historical, Nature",Female,2,1
515,Karan,karan4612@example.com,"Historical, Religious",Male,1,0
516,Sanjay,sanjay4619@example.com,"Historical, Nature",Male,1,1
517,Vishal,vishal4626@example.com,"Religious, Historical",Male,1,0
518,Nisha,nisha4633@example.com,"Historical, Religious",Female,2,2
519,Aarav,aarav4640@example.com,"Nature, Historical",Male,1,0
520,Priya,priya4647@example.com,"Nature, Historical",Female,2,0
521,Rahul,rahul4654@example.com,"Religious, Historical",Male,1,2
522,Sneha,sneha4661@example.com,"Historical, Nature",Female,2,0
523,Amit,amit4668@example.com,"Nature, Religious",Male,1,2
524,Kavya,kavya4675@example.com,"Nature, Historical",Female,2,2
525,Meera,meera4682@example.com,"Nature, Historical",Female,2,2
526,Sanjay,sanjay4689@example.com,"Entertainment, Religious",Male,1,0
527,Vishal,vishal4696@example.com,"Historical, Religious",Male,1,2
528,Nisha,nisha4703@example.com,"Historical, Religious",Female,2,1
529,Anika,anika4710@example.com,"Religious, Historical",Female,1,0
530,Priya,priya4717@example.com,"Cultural, Wildlife",Female,2,0
531,Neha,neha4724@example.com,"Historical, Religious",Female,1,1
532,Sneha,sneha4731@example.com,"Historical, Religious",Female,2,1
533,Pooja,pooja4738@example.com,"Historical, Religious",Female,1,1
534,Kavya,kavya4745@example.com,"Historical, Nature",Female,1,1
535,Meera,meera4752@example.com,"Religious, Entertainment",Female,1,2
536,Swati,swati4759@example.com,"Cultural, Wildlife",Female,1,0
537,Vishal,vishal4766@example.com,"Nature, Historical",Male,2,0
538,Nisha,nisha4773@example.com,"Nature, Historical",Female,2,1
539,Aarav,aarav4780@example.com,"Historical, Nature",Male,1,2
540,Priya,priya4787@example.com,"Historical, Nature",Female,2,2
541,Neha,neha4794@example.com,"Historical, Religious",Female,1,1
542,Sneha,sneha4801@example.com,"Cultural, Wildlife",Female,2,1
543,Pooja,pooja4808@example.com,"Religious, Historical",Female,2,1
544,Kavya,kavya4815@example.com,"Religious, Historical",Female,1,1
545,Karan,karan4822@example.com,"Wildlife, Cultural",Male,2,2
546,Swati,swati4829@example.com,"Historical, Religious",Female,1,0
547,Riya,riya4836@example.com,"Religious, Entertainment",Female,1,2
548,Aditya,aditya4843@example.com,"Cultural, Wildlife",Male,1,0
549,Aarav,aarav4850@example.com,"Nature, Historical",Male,1,0
550,Arjun,arjun4857@example.com,"Historical, Cultural",Male,1,0
551,Rahul,rahul4864@example.com,"Wildlife, Cultural",Male,2,2
552,Sneha,sneha4871@example.com,"Nature, Historical",Female,2,1
553,Pooja,pooja4878@example.com,"Nature, Historical",Female,1,1
554,Kavya,kavya4885@example.com,"Religious, Historical",Female,1,2
555,Meera,meera4892@example.com,"Nature, Historical",Female,1,2
556,Sanjay,sanjay4899@example.com,"Entertainment, Religious",Male,1,0
557,Vishal,vishal4906@example.com,"Historical, Religious",Male,2,2
558,Aditya,aditya4913@example.com,"Religious, Historical",Male,2,0
559,Aarav,aarav4920@example.com,"Nature, Historical",Male,1,2
560,Priya,priya4927@example.com,"Cultural, Wildlife",Female,1,1
561,Rahul,rahul4934@example.com,"Historical, Religious",Male,2,1
562,Sneha,sneha4941@example.com,"Historical, Religious",Female,1,1
563,Amit,amit4948@example.com,"Historical, Religious",Male,2,2
564,Rohan,rohan4955@example.com,"Nature, Religious",Male,2,0
565,Karan,karan4962@example.com,"Nature, Historical",Male,2,1
566,Sanjay,sanjay4969@example.com,"Wildlife, Religious",Male,2,0
567,Riya,riya4976@example.com,"Nature, Historical",Female,2,1
568,Nisha,nisha4983@example.com,"Entertainment, Religious",Female,2,0
569,Anika,anika4990@example.com,"Wildlife, Cultural",Female,2,2
570,Priya,priya4997@example.com,"Religious, Historical",Female,2,2
571,Neha,neha5004@example.com,"Historical, Religious",Female,2,0
572,Sneha,sneha5011@example.com,"Nature, Historical",Female,2,2
573,Amit,amit5018@example.com,"Historical, Religious",Male,2,0
574,Rohan,rohan5025@example.com,"Entertainment, Religious",Male,1,2
575,Karan,karan5032@example.com,"Nature, Historical",Male,1,2
576,Swati,swati5039@example.com,"Historical, Religious",Female,2,0
577,Riya,riya5046@example.com,"Historical, Religious",Female,2,1
578,Nisha,nisha5053@example.com,"Historical, Religious",Female,2,1
579,Aarav,aarav5060@example.com,"Nature, Historical",Male,2,1
580,Priya,priya5067@example.com,"Cultural, Historical",Female,1,0
581,Rahul,rahul5074@example.com,"Wildlife, Cultural",Male,1,1
582,Sneha,sneha5081@example.com,"Historical, Religious",Female,2,2
583,Amit,amit5088@example.com,"Religious, Entertainment",Male,1,1
584,Rohan,rohan5095@example.com,"Cultural, Wildlife",Male,1,2
585,Karan,karan5102@example.com,"Nature, Historical",Male,2,1
586,Sanjay,sanjay5109@example.com,"Historical, Religious",Male,1,1
587,Riya,riya5116@example.com,"Wildlife, Historical",Female,2,0
588,Nisha,nisha5123@example.com,"Religious, Historical",Female,1,2
589,Aarav,aarav5130@example.com,"Religious, Entertainment",Male,2,2
590,Arjun,arjun5137@example.com,"Cultural, Wildlife",Male,1,2
591,Rahul,rahul5144@example.com,"Religious, Historical",Male,1,1
592,Sneha,sneha5151@example.com,"Nature, Religious",Female,2,1
593,Pooja,pooja5158@example.com,"Wildlife, Cultural",Female,1,0
594,Kavya,kavya5165@example.com,"Historical, Nature",Female,1,0
595,Meera,meera5172@example.com,"Religious, Entertainment",Female,1,0
596,Swati,swati5179@example.com,"Cultural, Wildlife",Female,1,1
597,Riya,riya5186@example.com,"Nature, Historical",Female,1,0
598,Nisha,nisha5193@example.com,"Entertainment, Religious",Female,2,2
599,Anika,anika5200@example.com,"Wildlife, Historical",Female,1,0
600,Priya,priya5207@example.com,"Historical, Nature",Female,2,1
601,Rahul,rahul5214@example.com,"Nature, Historical",Male,1,0
602,Sneha,sneha5221@example.com,"Wildlife, Historical",Female,1,2
603,Amit,amit5228@example.com,"Nature, Historical",Male,2,2
604,Kavya,kavya5235@example.com,"Entertainment, Religious",Female,2,2
605,Karan,karan5242@example.com,"Wildlife, Cultural",Male,2,1
606,Swati,swati5249@example.com,"Historical, Nature",Female,2,2
607,Vishal,vishal5256@example.com,"Nature, Historical",Male,1,0
608,Aditya,aditya5263@example.com,"Religious, Wildlife",Male,1,0
609,Anika,anika5270@example.com,"Historical, Nature",Female,2,2
610,Arjun,arjun5277@example.com,"Historical, Religious",Male,1,1
611,Rahul,rahul5284@example.com,"Nature, Historical",Male,2,2
612,Sneha,sneha5291@example.com,"Historical, Nature",Female,2,0
613,Pooja,pooja5298@example.com,"Religious, Entertainment",Female,2,0
614,Kavya,kavya5305@example.com,"Cultural, Wildlife",Female,2,2
615,Karan,karan5312@example.com,"Nature, Historical",Male,1,1
616,Swati,swati5319@example.com,"Historical, Nature",Female,1,0
617,Vishal,vishal5326@example.com,"Historical, Religious",Male,2,1
618,Nisha,nisha5333@example.com,"Historical, Religious",Female,1,2
619,Aarav,aarav5340@example.com,"Religious, Entertainment",Male,1,0
620,Arjun,arjun5347@example.com,"Cultural, Wildlife",Male,2,0
621,Neha,neha5354@example.com,"Nature, Historical",Female,2,0
622,Vikram,vikram5361@example.com,"Entertainment, Religious",Male,2,0
623,Pooja,pooja5368@example.com,"Historical, Religious",Female,1,0
624,Kavya,kavya5375@example.com,"Nature, Historical",Female,1,0
625,Karan,karan5382@example.com,"Historical, Nature",Male,1,2
626,Sanjay,sanjay5389@example.com,"Nature, Historical",Male,2,0
627,Vishal,vishal5396@example.com,"Historical, Religious",Male,2,0
628,Nisha,nisha5403@example.com,"Nature, Historical",Female,1,2
629,Anika,anika5410@example.com,"Religious, Nature",Female,2,0
630,Priya,priya5417@example.com,"Nature, Historical",Female,1,0
631,Neha,neha5424@example.com,"Religious, Historical",Female,1,2
632,Vikram,vikram5431@example.com,"Historical, Religious",Male,1,0
633,Amit,amit5438@example.com,"Historical, Religious",Male,2,0
634,Rohan,rohan5445@example.com,"Historical, Nature",Male,2,2
635,Karan,karan5452@example.com,"Historical, Nature",Male,1,0
636,Swati,swati5459@example.com,"Cultural, Historical",Female,2,2
637,Vishal,vishal5466@example.com,"Religious, Nature",Male,1,0
638,Aditya,aditya5473@example.com,"Nature, Historical",Male,2,0
639,Aarav,aarav5480@example.com,"Historical, Nature",Male,1,2
640,Arjun,arjun5487@example.com,"Entertainment, Religious",Male,1,1
641,Rahul,rahul5494@example.com,"Nature, Historical",Male,2,2
642,Sneha,sneha5501@example.com,"Historical, Religious",Female,1,1
643,Amit,amit5508@example.com,"Religious, Entertainment",Male,1,1
644,Kavya,kavya5515@example.com,"Historical, Religious",Female,1,0
645,Meera,meera5522@example.com,"Nature, Historical",Female,1,2
646,Swati,swati5529@example.com,"Religious, Historical",Female,1,1
647,Riya,riya5536@example.com,"Historical, Religious",Female,2,1
648,Nisha,nisha5543@example.com,"Historical, Nature",Female,2,1
649,Aarav,aarav5550@example.com,"Religious, Entertainment",Male,2,1
650,Arjun,arjun5557@example.com,"Historical, Religious",Male,2,2
651,Rahul,rahul5564@example.com,"Nature, Historical",Male,2,0
652,Sneha,sneha5571@example.com,"Nature, Historical",Female,2,0
653,Amit,amit5578@example.com,"Religious, Nature",Male,2,1
654,Kavya,kavya5585@example.com,"Historical, Nature",Female,2,0
655,Meera,meera5592@example.com,"Religious, Entertainment",Female,1,1
656,Sanjay,sanjay5599@example.com,"Cultural, Wildlife",Male,1,0
657,Vishal,vishal5606@example.com,"Nature, Historical",Male,1,0
658,Aditya,aditya5613@example.com,"Entertainment, Religious",Male,1,2
659,Aarav,aarav5620@example.com,"Historical, Religious",Male,2,1
660,Priya,priya5627@example.com,"Historical, Religious",Female,2,2
661,Neha,neha5634@example.com,"Historical, Nature",Female,2,0
662,Sneha,sneha5641@example.com,"Religious, Historical",Female,2,1
663,Amit,amit5648@example.com,"Nature, Historical",Male,1,1
664,Kavya,kavya5655@example.com,"Religious, Historical",Female,2,1
665,Karan,karan5662@example.com,"Historical, Religious",Male,1,1
666,Sanjay,sanjay5669@example.com,"Historical, Religious",Male,1,1
667,Vishal,vishal5676@example.com,"Religious, Entertainment",Male,2,1
668,Aditya,aditya5683@example.com,"Historical, Religious",Male,2,0
669,Aarav,aarav5690@example.com,"Nature, Historical",Male,2,1
670,Priya,priya5697@example.com,"Entertainment, Religious",Female,1,0
671,Rahul,rahul5704@example.com,"Wildlife, Cultural",Male,2,2
672,Sneha,sneha5711@example.com,"Historical, Religious",Female,2,0
673,Pooja,pooja5718@example.com,"Historical, Religious",Female,2,2
674,Rohan,rohan5725@example.com,"Cultural, Wildlife",Male,1,1
675,Meera,meera5732@example.com,"Historical, Nature",Female,2,0
676,Sanjay,sanjay5739@example.com,"Entertainment, Religious",Male,2,0
677,Vishal,vishal5746@example.com,"Historical, Religious",Male,2,0
678,Nisha,nisha5753@example.com,"Religious, Historical",Female,2,2
679,Aarav,aarav5760@example.com,"Religious, Nature",Male,2,1
680,Arjun,arjun5767@example.com,"Historical, Religious",Male,1,0
681,Neha,neha5774@example.com,"Nature, Historical",Female,1,2
682,Vikram,vikram5781@example.com,"Entertainment, Religious",Male,2,0
683,Pooja,pooja5788@example.com,"Nature, Historical",Female,1,0
684,Rohan,rohan5795@example.com,"Historical, Religious",Male,1,0
685,Karan,karan5802@example.com,"Religious, Nature",Male,1,0
686,Sanjay,sanjay5809@example.com,"Religious, Historical",Male,2,2
687,Riya,riya5816@example.com,"Nature, Historical",Female,1,1
688,Nisha,nisha5823@example.com,"Entertainment, Religious",Female,2,1
689,Aarav,aarav5830@example.com,"Wildlife, Cultural",Male,1,0
690,Arjun,arjun5837@example.com,"Historical, Nature",Male,2,2
691,Neha,neha5844@example.com,"Religious, Historical",Female,1,1
692,Vikram,vikram5851@example.com,"Cultural, Wildlife",Male,2,1
693,Amit,amit5858@example.com,"Religious, Historical",Male,2,0
694,Kavya,kavya5865@example.com,"Historical, Religious",Female,1,0
695,Meera,meera5872@example.com,"Historical, Religious",Female,2,2
696,Sanjay,sanjay5879@example.com,"Nature, Historical",Male,1,1
697,Vishal,vishal5886@example.com,"Historical, Religious",Male,1,0
698,Aditya,aditya5893@example.com,"Religious, Historical",Male,1,2
699,Aarav,aarav5900@example.com,"Religious, Nature",Male,2,2
700,Arjun,arjun5907@example.com,"Nature, Historical",Male,1,2
701,Neha,neha5914@example.com,"Religious, Nature",Female,2,1
702,Vikram,vikram5921@example.com,"Historical, Nature",Male,1,1
703,Amit,amit5928@example.com,"Religious, Entertainment",Male,2,1
704,Rohan,rohan5935@example.com,"Cultural, Wildlife",Male,2,2
705,Meera,meera5942@example.com,"Nature, Historical",Female,1,2
706,Swati,swati5949@example.com,"Religious, Historical",Female,2,0
707,Riya,riya5956@example.com,"Wildlife, Cultural",Female,2,0
708,Aditya,aditya5963@example.com,"Historical, Nature",Male,1,1
709,Aarav,aarav5970@example.com,"Nature, Historical",Male,2,1
710,Priya,priya5977@example.com,"Religious, Nature",Female,2,0
711,Rahul,rahul5984@example.com,"Nature, Historical",Male,2,1
712,Sneha,sneha5991@example.com,"Historical, Religious",Female,2,0
713,Pooja,pooja5998@example.com,"Nature, Historical",Female,2,0
714,Rohan,rohan6005@example.com,"Historical, Nature",Male,1,0
715,Meera,meera6012@example.com,"Historical, Religious",Female,1,2
716,Swati,swati6019@example.com,"Cultural, Wildlife",Female,2,1
717,Riya,riya6026@example.com,"Nature, Historical",Female,2,2
718,Aditya,aditya6033@example.com,"Religious, Historical",Male,2,1
719,Anika,anika6040@example.com,"Nature, Historical",Female,2,2
720,Priya,priya6047@example.com,"Historical, Nature",Female,1,1
721,Rahul,rahul6054@example.com,"Historical, Religious",Male,2,1
722,Sneha,sneha6061@example.com,"Historical, Religious",Female,1,0
723,Pooja,pooja6068@example.com,"Nature, Historical",Female,1,2
724,Kavya,kavya6075@example.com,"Entertainment, Religious",Female,2,2
725,Karan,karan6082@example.com,"Wildlife, Cultural",Male,1,1
726,Sanjay,sanjay6089@example.com,"Historical, Religious",Male,2,2
727,Riya,riya6096@example.com,"Historical, Religious",Female,1,1
728,Nisha,nisha6103@example.com,"Historical, Nature",Female,2,1
729,Anika,anika6110@example.com,"Historical, Wildlife",Female,2,0
730,Priya,priya6117@example.com,"Religious, Historical",Female,1,1
731,Neha,neha6124@example.com,"Religious, Historical",Female,2,2
732,Vikram,vikram6131@example.com,"Historical, Nature",Male,2,0
733,Pooja,pooja6138@example.com,"Nature, Historical",Female,1,1
734,Rohan,rohan6145@example.com,"Cultural, Wildlife",Male,2,0
735,Meera,meera6152@example.com,"Nature, Historical",Female,1,0
736,Sanjay,sanjay6159@example.com,"Nature, Historical",Male,1,1
737,Riya,riya6166@example.com,"Religious, Historical",Female,1,2
738,Nisha,nisha6173@example.com,"Historical, Religious",Female,1,1
739,Aarav,aarav6180@example.com,"Historical, Religious",Male,2,1
740,Priya,priya6187@example.com,"Religious, Historical",Female,1,1
741,Neha,neha6194@example.com,"Nature, Historical",Female,1,1
742,Sneha,sneha6201@example.com,"Entertainment, Religious",Female,2,1
743,Pooja,pooja6208@example.com,"Historical, Religious",Female,1,2
744,Kavya,kavya6215@example.com,"Nature, Historical",Female,1,0
745,Meera,meera6222@example.com,"Religious, Entertainment",Female,1,2
746,Swati,swati6229@example.com,"Cultural, Wildlife",Female,2,1
747,Riya,riya6236@example.com,"Religious, Historical",Female,1,0
748,Aditya,aditya6243@example.com,"Nature, Historical",Male,2,0
749,Anika,anika6250@example.com,"Wildlife, Cultural",Female,1,0
750,Arjun,arjun6257@example.com,"Historical, Nature",Male,1,2
751,Neha,neha6264@example.com,"Religious, Historical",Female,1,2
752,Vikram,vikram6271@example.com,"Religious, Historical",Male,1,2
753,Pooja,pooja6278@example.com,"Nature, Historical",Female,2,1
754,Rohan,rohan6285@example.com,"Entertainment, Religious",Male,2,2
755,Karan,karan6292@example.com,"Religious, Historical",Male,2,2
756,Sanjay,sanjay6299@example.com,"Nature, Historical",Male,1,2
757,Vishal,vishal6306@example.com,"Nature, Historical",Male,1,0
758,Aditya,aditya6313@example.com,"Historical, Nature",Male,2,0
759,Anika,anika6320@example.com,"Historical, Religious",Female,2,1
760,Priya,priya6327@example.com,"Nature, Historical",Female,1,0
761,Rahul,rahul6334@example.com,"Historical, Religious",Male,2,1
762,Sneha,sneha6341@example.com,"Nature, Historical",Female,2,0
763,Pooja,pooja6348@example.com,"Nature, Historical",Female,1,1
764,Kavya,kavya6355@example.com,"Cultural, Wildlife",Female,2,1
765,Karan,karan6362@example.com,"Religious, Nature",Male,2,0
766,Swati,swati6369@example.com,"Historical, Wildlife",Female,1,0
767,Riya,riya6376@example.com,"Wildlife, Cultural",Female,2,2
768,Nisha,nisha6383@example.com,"Historical, Nature",Female,1,2
769,Anika,anika6390@example.com,"Historical, Nature",Female,2,1
770,Priya,priya6397@example.com,"Cultural, Wildlife",Female,2,1
771,Rahul,rahul6404@example.com,"Historical, Religious",Male,1,1
772,Vikram,vikram6411@example.com,"Historical, Religious",Male,1,0
773,Amit,amit6418@example.com,"Wildlife, Cultural",Male,1,0
774,Rohan,rohan6425@example.com,"Entertainment, Historical",Male,1,2
775,Karan,karan6432@example.com,"Historical, Religious",Male,2,0
776,Sanjay,sanjay6439@example.com,"Cultural, Wildlife",Male,2,1
777,Vishal,vishal6446@example.com,"Nature, Historical",Male,1,2
778,Nisha,nisha6453@example.com,"Nature, Historical",Female,1,0
779,Anika,anika6460@example.com,"Wildlife, Cultural",Female,2,1
780,Priya,priya6467@example.com,"Historical, Nature",Female,2,0
781,Neha,neha6474@example.com,"Historical, Nature",Female,1,0
782,Vikram,vikram6481@example.com,"Nature, Historical",Male,1,0
783,Amit,amit6488@example.com,"Historical, Nature",Male,1,1
784,Rohan,rohan6495@example.com,"Entertainment, Religious",Male,2,1
785,Karan,karan6502@example.com,"Religious, Historical",Male,1,0
786,Swati,swati6509@example.com,"Historical, Nature",Female,2,1
787,Vishal,vishal6516@example.com,"Nature, Historical",Male,1,0
788,Nisha,nisha6523@example.com,"Historical, Religious",Female,1,2
789,Aarav,aarav6530@example.com,"Nature, Historical",Male,2,1
790,Arjun,arjun6537@example.com,"Historical, Religious",Male,1,0
791,Rahul,rahul6544@example.com,"Wildlife, Cultural",Male,1,0
792,Vikram,vikram6551@example.com,"Religious, Historical",Male,1,0
793,Amit,amit6558@example.com,"Historical, Religious",Male,2,2
794,Kavya,kavya6565@example.com,"Historical, Religious",Female,2,1
795,Karan,karan6572@example.com,"Nature, Historical",Male,1,0
796,Swati,swati6579@example.com,"Entertainment, Religious",Female,1,0
797,Riya,riya6586@example.com,"Nature, Historical",Female,1,0
798,Aditya,aditya6593@example.com,"Historical, Nature",Male,2,1
799,Anika,anika6600@example.com,"Religious, Historical",Female,1,2
800,Priya,priya6607@example.com,"Historical, Religious",Female,1,2
801,Neha,neha6614@example.com,"Religious, Historical",Female,2,0
802,Vikram,vikram6621@example.com,"Historical, Religious",Male,1,0
803,Pooja,pooja6628@example.com,"Wildlife, Cultural",Female,2,1
804,Kavya,kavya6635@example.com,"Historical, Nature",Female,1,0
805,Karan,karan6642@example.com,"Religious, Entertainment",Male,1,2
806,Sanjay,sanjay6649@example.com,"Cultural, Wildlife",Male,2,1
807,Riya,riya6656@example.com,"Historical, Religious",Female,2,1
808,Nisha,nisha6663@example.com,"Historical, Religious",Female,1,0
809,Aarav,aarav6670@example.com,"Historical, Religious",Male,1,2
810,Priya,priya6677@example.com,"Religious, Historical",Female,2,1
811,Rahul,rahul6684@example.com,"Historical, Religious",Male,2,1
812,Vikram,vikram6691@example.com,"Religious, Historical",Male,2,0
813,Amit,amit6698@example.com,"Nature, Historical",Male,1,2
814,Rohan,rohan6705@example.com,"Entertainment, Religious",Male,1,2
815,Karan,karan6712@example.com,"Wildlife, Cultural",Male,1,1
816,Sanjay,sanjay6719@example.com,"Historical, Religious",Male,1,2
817,Riya,riya6726@example.com,"Wildlife, Nature",Female,1,0
818,Nisha,nisha6733@example.com,"Nature, Religious",Female,2,0
819,Anika,anika6740@example.com,"Nature, Historical",Female,1,1
820,Arjun,arjun6747@example.com,"Historical, Religious",Male,1,1
821,Rahul,rahul6754@example.com,"Wildlife, Nature",Male,1,2
822,Sneha,sneha6761@example.com,"Religious, Historical",Female,1,0
823,Pooja,pooja6768@example.com,"Religious, Historical",Female,1,2
824,Rohan,rohan6775@example.com,"Cultural, Wildlife",Male,2,2
825,Meera,meera6782@example.com,"Religious, Historical",Female,2,1
826,Swati,swati6789@example.com,"Historical, Nature",Female,2,0
827,Vishal,vishal6796@example.com,"Wildlife, Cultural",Male,2,0
828,Nisha,nisha6803@example.com,"Historical, Nature",Female,2,2
829,Anika,anika6810@example.com,"Nature, Historical",Female,1,0
830,Arjun,arjun6817@example.com,"Historical, Religious",Male,1,0
831,Neha,neha6824@example.com,"Nature, Historical",Female,2,2
832,Sneha,sneha6831@example.com,"Historical, Religious",Female,2,1
833,Pooja,pooja6838@example.com,"Wildlife, Cultural",Female,2,1
834,Rohan,rohan6845@example.com,"Religious, Historical",Male,2,1
835,Meera,meera6852@example.com,"Religious, Historical",Female,2,2
836,Swati,swati6859@example.com,"Cultural, Wildlife",Female,2,0
837,Riya,riya6866@example.com,"Nature, Historical",Female,2,2
838,Nisha,nisha6873@example.com,"Historical, Religious",Female,2,2
839,Anika,anika6880@example.com,"Wildlife, Cultural",Female,1,1
840,Priya,priya6887@example.com,"Historical, Religious",Female,1,0
841,Neha,neha6894@example.com,"Historical, Religious",Female,1,1
842,Vikram,vikram6901@example.com,"Nature, Historical",Male,2,0
843,Amit,amit6908@example.com,"Nature, Historical",Male,2,0
844,Rohan,rohan6915@example.com,"Entertainment, Religious",Male,2,1
845,Meera,meera6922@example.com,"Nature, Historical",Female,2,1
846,Sanjay,sanjay6929@example.com,"Historical, Nature",Male,1,2
847,Riya,riya6936@example.com,"Wildlife, Historical",Female,1,0
848,Nisha,nisha6943@example.com,"Cultural, Wildlife",Female,2,0
849,Anika,anika6950@example.com,"Historical, Religious",Female,1,0
850,Arjun,arjun6957@example.com,"Historical, Religious",Male,2,0
851,Neha,neha6964@example.com,"Religious, Nature",Female,2,0
852,Vikram,vikram6971@example.com,"Historical, Religious",Male,2,2
853,Amit,amit6978@example.com,"Historical, Religious",Male,2,0
854,Kavya,kavya6985@example.com,"Cultural, Wildlife",Female,2,2
855,Meera,meera6992@example.com,"Religious, Historical",Female,1,1
856,Swati,swati6999@example.com,"Entertainment, Religious",Female,1,2
857,Vishal,vishal7006@example.com,"Wildlife, Cultural",Male,1,2
858,Aditya,aditya7013@example.com,"Historical, Nature",Male,1,2
859,Aarav,aarav7020@example.com,"Religious, Entertainment",Male,2,1
860,Arjun,arjun7027@example.com,"Nature, Historical",Male,1,0
861,Rahul,rahul7034@example.com,"Nature, Historical",Male,1,2
862,Vikram,vikram7041@example.com,"Religious, Historical",Male,1,1
863,Amit,amit7048@example.com,"Nature, Historical",Male,1,2
864,Kavya,kavya7055@example.com,"Nature, Historical",Female,2,2
865,Karan,karan7062@example.com,"Religious, Entertainment",Male,2,1
866,Sanjay,sanjay7069@example.com,"Nature, Historical",Male,2,2
867,Vishal,vishal7076@example.com,"Religious, Historical",Male,2,2
868,Nisha,nisha7083@example.com,"Entertainment, Religious",Female,2,0
869,Aarav,aarav7090@example.com,"Wildlife, Cultural",Male,1,1
870,Priya,priya7097@example.com,"Nature, Historical",Female,2,2
871,Rahul,rahul7104@example.com,"Religious, Entertainment",Male,1,1
872,Vikram,vikram7111@example.com,"Nature, Historical",Male,1,1
873,Pooja,pooja7118@example.com,"Nature, Historical",Female,2,0
874,Rohan,rohan7125@example.com,"Nature, Historical",Male,2,0
875,Karan,karan7132@example.com,"Historical, Religious",Male,2,0
876,Sanjay,sanjay7139@example.com,"Historical, Nature",Male,2,2
877,Riya,riya7146@example.com,"Nature, Historical",Female,2,2
878,Nisha,nisha7153@example.com,"Nature, Historical",Female,1,2
879,Anika,anika7160@example.com,"Religious, Historical",Female,1,2
880,Arjun,arjun7167@example.com,"Historical, Religious",Male,2,2
881,Rahul,rahul7174@example.com,"Nature, Historical",Male,1,2
882,Vikram,vikram7181@example.com,"Historical, Nature",Male,1,1
883,Pooja,pooja7188@example.com,"Religious, Nature",Female,2,1
884,Rohan,rohan7195@example.com,"Cultural, Wildlife",Male,2,0
885,Karan,karan7202@example.com,"Religious, Historical",Male,2,2
886,Sanjay,sanjay7209@example.com,"Entertainment, Religious",Male,1,1
887,Riya,riya7216@example.com,"Nature, Historical",Female,1,0
888,Nisha,nisha7223@example.com,"Nature, Wildlife",Female,2,0
889,Aarav,aarav7230@example.com,"Religious, Historical",Male,2,0
890,Arjun,arjun7237@example.com,"Historical, Nature",Male,1,0
891,Rahul,rahul7244@example.com,"Historical, Nature",Male,1,1
892,Sneha,sneha7251@example.com,"Entertainment, Religious",Female,1,1
893,Amit,amit7258@example.com,"Wildlife, Cultural",Male,2,1
894,Kavya,kavya7265@example.com,"Nature, Historical",Female,2,0
895,Meera,meera7272@example.com,"Religious, Entertainment",Female,1,0
896,Swati,swati7279@example.com,"Nature, Historical",Female,2,2
897,Riya,riya7286@example.com,"Nature, Historical",Female,1,2
898,Nisha,nisha7293@example.com,"Wildlife, Historical",Female,2,0
899,Anika,anika7300@example.com,"Historical, Religious",Female,1,1
900,Priya,priya7307@example.com,"Historical, Cultural",Female,2,0
901,Neha,neha7314@example.com,"Religious, Entertainment",Female,2,2
902,Sneha,sneha7321@example.com,"Religious, Nature",Female,2,2
903,Amit,amit7328@example.com,"Nature, Historical",Male,2,1
904,Rohan,rohan7335@example.com,"Historical, Nature",Male,1,0
905,Meera,meera7342@example.com,"Nature, Historical",Female,1,2
906,Sanjay,sanjay7349@example.com,"Historical, Nature",Male,1,1
907,Riya,riya7356@example.com,"Historical, Religious",Female,2,2
908,Nisha,nisha7363@example.com,"Nature, Historical",Female,2,1
909,Aarav,aarav7370@example.com,"Nature, Historical",Male,2,2
910,Arjun,arjun7377@example.com,"Entertainment, Historical",Male,2,2
911,Neha,neha7384@example.com,"Wildlife, Historical",Female,1,0
912,Vikram,vikram7391@example.com,"Historical, Nature",Male,1,1
913,Amit,amit7398@example.com,"Religious, Historical",Male,1,1
914,Rohan,rohan7405@example.com,"Cultural, Wildlife",Male,1,2
915,Karan,karan7412@example.com,"Nature, Historical",Male,1,0
916,Swati,swati7419@example.com,"Entertainment, Religious",Female,1,2
917,Riya,riya7426@example.com,"Wildlife, Cultural",Female,2,2
918,Aditya,aditya7433@example.com,"Historical, Nature",Male,2,2
919,Anika,anika7440@example.com,"Entertainment, Historical",Female,1,1
920,Priya,priya7447@example.com,"Religious, Historical",Female,2,0
921,Rahul,rahul7454@example.com,"Nature, Historical",Male,1,2
922,Vikram,vikram7461@example.com,"Historical, Religious",Male,1,2
923,Pooja,pooja7468@example.com,"Nature, Historical",Female,2,2
924,Kavya,kavya7475@example.com,"Historical, Nature",Female,1,1
925,Karan,karan7482@example.com,"Historical, Entertainment",Male,2,2
926,Swati,swati7489@example.com,"Historical, Nature",Female,1,1
927,Vishal,vishal7496@example.com,"Nature, Historical",Male,1,1
928,Nisha,nisha7503@example.com,"Historical, Religious",Female,1,1
929,Aarav,aarav7510@example.com,"Historical, Religious",Male,1,1
930,Arjun,arjun7517@example.com,"Historical, Nature",Male,2,1
931,Rahul,rahul7524@example.com,"Historical, Religious",Male,1,0
932,Sneha,sneha7531@example.com,"Cultural, Wildlife",Female,1,1
933,Amit,amit7538@example.com,"Nature, Historical",Male,2,1
934,Kavya,kavya7545@example.com,"Religious, Historical",Female,2,2
935,Meera,meera7552@example.com,"Nature, Historical",Female,1,0
936,Sanjay,sanjay7559@example.com,"Wildlife, Historical",Male,1,0
937,Riya,riya7566@example.com,"Religious, Entertainment",Female,2,2
938,Nisha,nisha7573@example.com,"Nature, Historical",Female,1,1
939,Anika,anika7580@example.com,"Religious, Historical",Female,2,0
940,Priya,priya7587@example.com,"Religious, Historical",Female,1,1
941,Rahul,rahul7594@example.com,"Wildlife, Cultural",Male,2,2
942,Vikram,vikram7601@example.com,"Historical, Nature",Male,1,0
943,Amit,amit7608@example.com,"Historical, Religious",Male,2,1
944,Kavya,kavya7615@example.com,"Cultural, Wildlife",Female,2,0
945,Karan,karan7622@example.com,"Nature, Historical",Male,2,0
946,Sanjay,sanjay7629@example.com,"Historical, Religious",Male,1,1
947,Riya,riya7636@example.com,"Religious, Historical",Female,2,1
948,Aditya,aditya7643@example.com,"Nature, Historical",Male,1,0
949,Anika,anika7650@example.com,"Religious, Entertainment",Female,2,2
950,Arjun,arjun7657@example.com,"Religious, Historical",Male,2,0
951,Rahul,rahul7664@example.com,"Nature, Historical",Male,1,2
952,Sneha,sneha7671@example.com,"Entertainment, Religious",Female,1,0
953,Pooja,pooja7678@example.com,"Wildlife, Cultural",Female,1,1
954,Rohan,rohan7685@example.com,"Historical, Nature",Male,2,2
955,Meera,meera7692@example.com,"Cultural, Historical",Female,2,2
956,Sanjay,sanjay7699@example.com,"Nature, Historical",Male,1,0
957,Riya,riya7706@example.com,"Nature, Historical",Female,1,0
958,Aditya,aditya7713@example.com,"Entertainment, Religious",Male,1,2
959,Aarav,aarav7720@example.com,"Historical, Religious",Male,1,1
960,Arjun,arjun7727@example.com,"Historical, Religious",Male,1,2
961,Neha,neha7734@example.com,"Religious, Nature",Female,1,2
962,Sneha,sneha7741@example.com,"Nature, Historical",Female,2,1
963,Amit,amit7748@example.com,"Historical, Religious",Male,1,1
964,Kavya,kavya7755@example.com,"Nature, Historical",Female,1,0
965,Karan,karan7762@example.com,"Religious, Historical",Male,1,0
966,Swati,swati7769@example.com,"Historical, Religious",Female,1,0
967,Riya,riya7776@example.com,"Historical, Nature",Female,2,1
968,Nisha,nisha7783@example.com,"Cultural, Wildlife",Female,1,2
969,Aarav,aarav7790@example.com,"Wildlife, Historical",Male,1,1
970,Priya,priya7797@example.com,"Historical, Wildlife",Female,1,0
971,Neha,neha7804@example.com,"Religious, Historical",Female,2,2
972,Sneha,sneha7811@example.com,"Historical, Nature",Female,2,0
973,Pooja,pooja7818@example.com,"Historical, Religious",Female,1,2
974,Rohan,rohan7825@example.com,"Cultural, Wildlife",Male,2,1
975,Meera,meera7832@example.com,"Historical, Nature",Female,1,0
976,Sanjay,sanjay7839@example.com,"Historical, Religious",Male,1,1
977,Vishal,vishal7846@example.com,"Historical, Religious",Male,1,1
978,Nisha,nisha7853@example.com,"Religious, Historical",Female,2,1
979,Aarav,aarav7860@example.com,"Nature, Historical",Male,1,2
980,Priya,priya7867@example.com,"Cultural, Wildlife",Female,1,1
981,Rahul,rahul7874@example.com,"Nature, Historical",Male,1,1
982,Sneha,sneha7881@example.com,"Religious, Nature",Female,2,2
983,Amit,amit7888@example.com,"Entertainment, Historical",Male,2,1
984,Rohan,rohan7895@example.com,"Historical, Religious",Male,2,1
985,Karan,karan7902@example.com,"Nature, Historical",Male,1,1
986,Swati,swati7909@example.com,"Cultural, Wildlife",Female,1,2
987,Riya,riya7916@example.com,"Religious, Nature",Female,2,2
988,Aditya,aditya7923@example.com,"Historical, Nature",Male,1,0
989,Aarav,aarav7930@example.com,"Wildlife, Cultural",Male,2,1
990,Priya,priya7937@example.com,"Historical, Nature",Female,2,2
991,Neha,neha7944@example.com,"Historical, Nature",Female,1,1
992,Vikram,vikram7951@example.com,"Nature, Historical",Male,1,2
993,Amit,amit7958@example.com,"Historical, Religious",Male,1,2
994,Rohan,rohan7965@example.com,"Historical, Religious",Male,1,2
995,Karan,karan7972@example.com,"Wildlife, Cultural",Male,1,0
996,Sanjay,sanjay7979@example.com,"Historical, Nature",Male,1,1
997,Vishal,vishal7986@example.com,"Historical, Religious",Male,1,2
998,Aditya,aditya7993@example.com,"Cultural, Wildlife",Male,1,1
999,Aarav,aarav8000@example.com,"Historical, Religious",Male,2,2